 ,dc:title,dcterms:alternative,dc:relation,dc:type,compoundrelationship,group_id,collection_id,mms_id,file_name_1,dc:identifier,dcterms:identifier.dcterms:URI,dc:creator,dc:contributor,dcterms:tableOfContents,dc:subject,dcterms:subject.dcterms:LCSH,dc:description,dcterms:provenance,dcterms:bibliographicCitation,dcterms:abstract,dcterms:publisher,dc:date,dcterms:created,dcterms:issued,dcterms:dateSubmitted,dcterms:dateAccepted,dc:format,dcterms:extent,dcterms:medium,dcterms:format.dcterms:IMT,dcterms:type.dcterms:DCMIType,dc:language,dcterms:isPartOf,dc:coverage,dcterms:spatial,dcterms:spatial.dcterms:Point,dcterms:temporal,dc:rights,dc:source,bib custom field,rep_label,rep_public_note,rep_access_rights,rep_usage_type,rep_library,rep_note,rep_custom field,file_label_1,file_name_2,file_label_2,googlesheetsource,dginfo,oldalttitle
dg_1770224435,"Commencement, 1976, Photograph 2",,"Commencement, 1976",image,,,,,Commencement-1976-Photograph2_001.tif,,"RG-R, Series 6, Box 8, Folder 6",Roger W McMullin Photo,,,Commencement,,"Crowd of undentified students and faculty at Commencemen, 1976. ",,,,,,1976-05-18,,,,photograph,1 photograph,,,,,,,,,,,,,,,,,,,,,,,,,
dg_1770224802,"Commencement, 1976, Photograph 25",,"Commencement, 1976",image,,,,,Commencement-1976-Photograph25_001.tif,,"RG-R, Series 6, Box 8, Folder 6",Roger W McMullin Photo,,,Commencement,,"Student looking into the distance with a second person on the right at Commencement. May 18, 1976.",,,,,,1976-05-18,,,,photograph,1 photograph,,,,,,,,,,,,,,,,,,,,,,,,,
dg_1770226052,"Commencement, 1976, Photograph 26",,"Commencement, 1976",image,,,,,Commencement-1976-Photograp26_001.tif,,"RG-R, Series 6, Box 8, Folder 6",Roger W McMullin Photo,,,Commencement,,"Students gathered in Humanities A-G and Social Studies A-G lines during the 1976 Commencement.  May 18, 1976.",,,,,,1976-05-18,,,,photograph,1 photograph,,,,,,,,,,,,,,,,,,,,,,,,,
dg_1770226115,"Commencement, 1976, Photograph 32",,"Commencement, 1976",image,,,,,Commencement-1976-Photograph32_001.tif,,"RG-R, Series 6, Box 8, Folder 6",Roger W McMullin Photo,,,Commencement,,"The photograph shows Sarah Megan (Class of 1976) in the Grinnell College Commencement ceremony, standing among graduates near the Science A-G procession sign.  May 18, 1976.",,,,,,1976-05-18,,,,photograph,1 photograph,,,,,,,,,,,,,,,,,,,,,,,,,
dg_1770226312,"Commencement, 1976, Photograph 33",,"Commencement, 1976",image,,,,,Commencement-976-Photograph33_001.tif,,"RG-R, Series 6, Box 8, Folder 6",Roger W McMullin Photo,,,Commencement,,"Two unidentified students wearing graduation robes during the 1976 Commencement.  May 18, 1976.",,,,,,1976-05-18,,,,photograph,1 photograph,,,,,,,,,,,,,,,,,,,,,,,,,
dg_1770395330,"Commencement, 1977, Photograph 2",,Commencement 1977,image,,,,,Commencement-1977-Photograph_2.tif,,"RG-R, Series 6, Box 8, Folder 7",Roger W McMullin Photo,,,Commencement,,Students sit on the roof of the bookstore while others stand below. Herrick Chapel is in the background. ,,,,,,,,,,photograph,1 photograph,,,,,,,,,,,,,,,,,,,,,,,,,
dg_1770395730,"Commencement, 1977, Photograph 21",,Commencement 1977,image,,,,,Commencement-1977-Photograph_21.tif,,"RG-R, Series 6, Box 8, Folder 7",Roger W McMullin Photo,,,Commencement,,Woman sits on the backrest of a wooden folding chair with seated crowd in background. Commencement 1977. ,,,,,,1977-05-24,,,,photograph,1 photograph,,,,,,,,,,,,,,,,,,,,,,,,,
dg_1770395813,"Commmencement, 1977, Photograph 24",,Commencement 1977,image,,,,,Commmencement-1977-Photograph_24.tif,,"RG-R, Series 6, Box 8, Folder 7",Roger W McMullin Photo,,,Commencement,,Crowd of seated onlookers at Commencement 1977.,,,,,,1977-05-24,,,,photograph,1 photograph,,,,,,,,,,,,,,,,,,,,,,,,,
dg_1770395838,"Commmencement, 1977, Photograph 27",,Commencement 1977,image,,,,,Commmencement-1977-Photograph_27.tif,,"RG-R, Series 6, Box 8, Folder 7",Roger W McMullin Photo,,,Commencement,,"The photograph shows Claudia Beckwith (Class of 1977) during the 1977 Commencement, wearing a decorative graduation cap with a flower. ",,,,,,1977-05-24,,,,photograph,1 photograph,,,,,,,,,,,,,,,,,,,,,,,,,
dg_1770395897,"Commmencement, 1977, Photograph 28",,Commencement 1977,image,,,,,Commmencement-1977-Photograph_28,,"RG-R, Series 6, Box 8, Folder 7",Roger W McMullin Photo,,,Commencement,,A student adjusts her decorated graduation cap at the 1977 Commencement. ,,,,,,1977-05-24,,,,photograph,1 photograph,,,,,,,,,,,,,,,,,,,,,,,,,
dg_1770397328,"New Student Days, 1972, Photograph 2",,"New Student Day, 1972",image,,,,,New Student Days-1972-Photograph_2.tif,,"RG-R, Series 6, Box 18, Folder 6",Roger W McMullin Photo,,,New Student Days,,A student and parents moving into the dormitories on New Student Day.,,,,,,,,,,photograph,1 photograph,,,,,,,,,,,,,,,,,,,,,,,,,
dg_1770397371,"New Student Days, 1972, Photograph 5",,"New Student Day, 1972",image,,,,,New Student Days-1972-Photograph_5.tif,,"RG-R, Series 6, Box 18, Folder 6",Roger W McMullin Photo,,,New Student Days,,The photograph shows Vance Liebman (Class of 1974) in the college bookstore as students line up among stacks of textbooks during the begining of the academic term.,,,,,1972,,,,,photograph,1 photograph,,,,,,,,,,,,,,,,,,,,,,,,,
dg_1770397393,"New Student Days, 1972, Photograph 6",,"New Student Day, 1972",image,,,,,New Student Days-1972-Photograph_6.tiff,,"RG-R, Series 6, Box 18, Folder 6",Roger W McMullin Photo,,,New Student Days,,Two pairs of students are engaged in conversation outside the Forum.,,,,,1972,,,,,photograph,1 photograph,,,,,,,,,,,,,,,,,,,,,,,,,
dg_1770397449,"New Student Days, 1972, Photograph 11",,"New Student Day, 1972",image,,,,,New Student Days-1972-Photograph_11.tif,,"RG-R, Series 6, Box 18, Folder 6",Roger W McMullin Photo,,,New Student Days,,"Two men load crates into a truck bed while students converse behind them. The indivisual is Bo Batty. Bo Batty at Texaco service station in Grinnell, standing beside a pickup truck while workers load or unload things outside the station.",,,,,1972,,,,,photograph,1 photograph,,,,,,,,,,,,,,,,,,,,,,,,,
dg_1770397476,"New Student Days, 1972, Photograph 12",,"New Student Day, 1972",image,,,,,New Student Days-1972-Photograph_12.tif,,"RG-R, Series 6, Box 18, Folder 6",Roger W McMullin Photo,,,New Student Days,,Two students sit on the floor looking at papers while others stand nearby.,,,,,1972,,,,,photograph,1 photograph,,,,,,,,,,,,,,,,,,,,,,,,,
dg_1770397489,"New Student Days, 1972, Photograph 13",,"New Student Day, 1972",image,,,,,New Student Days-1972-Photograph_13.tif,,"RG-R, Series 6, Box 18, Folder 6",Roger W McMullin Photo,,,New Student Days,,The photograph shows Maria Perotto (Class of 1974) speaking with staff and students at a registration desk during course registration.,,,,,1972,,,,,photograph,1 photograph,,,,,,,,,,,,,,,,,,,,,,,,,
dg_1770397513,"New Student Days, 1972, Photograph 14",,"New Student Day, 1972",image,,,,,New Student Days-1972-Photograph_14.tif,,"RG-R, Series 6, Box 18, Folder 6",Roger W McMullin Photo,,,New Student Days,,Student getting on a bike outside the Forum. ,,,,,1972,,,,,photograph,1 photograph,,,,,,,,,,,,,,,,,,,,,,,,,
dg_1770397529,"New Student Days, 1972, Photograph 15",,"New Student Day, 1972",image,,,,,New Student Days-1972-Photograph_15.tif,,"RG-R, Series 6, Box 18, Folder 6",Roger W McMullin Photo,,,New Student Days,,Six students sits at a table engaged in writing work.,,,,,1972,,,,,photograph,1 photograph,,,,,,,,,,,,,,,,,,,,,,,,,
dg_1770397775,"New Student Days, 1972, Photograph 21",,"New Student Day, 1972",image,,,,,New Student Days-1972-Photograph_21.tif,,"RG-R, Series 6, Box 18, Folder 6",Roger W McMullin Photo,,,New Student Days,,Jon Herman (Class of 1978) is standing near the center-right of the photograph during course registration.,,,,,1972,,,,,photograph,1 photograph,,,,,,,,,,,,,,,,,,,,,,,,,
dg_1770397781,"New Student Days, 1972, Photograph 23",,"New Student Day, 1972",image,,,,,New Student Days-1972-Photograph_23.tif,,"RG-R, Series 6, Box 18, Folder 6",Roger W McMullin Photo,,,New Student Days,,Students sit in a classroom with combined desk chairs. The student on the right is Warren Rubstello.,,,,,1972,,,,,photograph,1 photograph,,,,,,,,,,,,,,,,,,,,,,,,,
dg_1770397833,"New Student Days, 1972, Photograph 25-001",,"New Student Day, 1972",image,,,,,New Student Days-1972-Photograph 25_001.tif,,"RG-R, Series 6, Box 18, Folder 6",Roger W McMullin Photo,,,New Student Days,,"Beth Loup Liebman is standing on the right side of the photograph, browsing items on a bookstore shelf.",,,,,1972,,,,,photograph,1 photograph,,,,,,,,,,,,,,,,,,,,,,,,,
dg_1780499184,"New Student Days, 1972, Photograph 25-002",,"New Student Day, 1972",image,,,,,New Student Days-1972-Photograph 25_002.tif,,"RG-R, Series 6, Box 18, Folder 6",Roger W McMullin Photo,,,New Student Days,,"Student on the right is Melanie Steinkraus. The woman on the left is unidentified. The photograph documents a vaccination being administered on campus, 1972.",,,,,1972,,,,,photograph,1 photograph,,,,,,,,,,,,,,,,,,,,,,,,,
dg_1770397848,"New Student Days, 1972, Photograph 29",,"New Student Day, 1972",image,,,,,New Student Days-1972-Photograph_29.tif,,"RG-R, Series 6, Box 18, Folder 6",Roger W McMullin Photo,,,New Student Days,,The photograph shows Julie Hollings browsing books in the campus bookstore.,,,,,1972,,,,,photograph,1 photograph,,,,,,,,,,,,,,,,,,,,,,,,,
dg_1771434156,"Commencement, 1986, Photograph 35",,"Commencement, 1986",image,,,,,Commencement-1986-Photograph_35.tif,,"RG-R, Series 6, Box 9, Folder 2",Jack Robertson,,,Commencement,,"Two graduates pose together outdoors during commencement ceremonies. Laura Ohline is standing on the left. Jean Dettweiler, Class of 1985, is standing on the right.",,,,,1986,1986-05-19,,,,photograph,3 photograph,,,,,,,,,,,,,,,,,,,,,,,,,
dg_1771434307,"Commencement, 1986, Photograph 36",,"Commencement, 1986",image,,,,,Commencement-1986-Photograph_36.tif,,"RG-R, Series 6, Box 9, Folder 2",Jack Robertson,,,Commencement,,Lotonia Marshall and her baby Robert Jr. at the 1986 Commencement ceremony.,,,,,1986,1986-05-19,,,,photograph,4 photograph,,,,,,,,,,,,,,,,,,,,,,,,,
dg_1771434368,"Commencement, 1986, Photograph 37",,"Commencement, 1986",image,,,,,Commencement-1986-Photograph_37.tif,,"RG-R, Series 6, Box 9, Folder 2",Jack Robertson,,,Commencement,,Two people pose for the camera at the 1986 Commencement. ,,,,,1986,1986-05-19,,,,photograph,1 photograph,,,,,,,,,,,,,,,,,,,,,,,,,
dg_1771519035,"South Lounge Scenes, 1982, Photograph 1",,"Student Life, 1982",image,,,,,South Lounge Scenes-1982-Photograph_1.tif,,"RG-R, Series 6, Box 9",,,,Student Life,,"A student, possibly identified as McKeown, sits cross-legged on the floor reading printed material in a lounge or common area. The student is positioned as the center of the photograph, with a piano and seating visible in the background, 1982.",,,,,1982,,,,,photograph,1 photograph,,,,,,,,,,,,,,,,,,,,,,,,,
dg_1771519037,"South Lounge Scenes, 1982, Photograph 2",,"Student Life, 1982",image,,,,,South Lounge Scenes-1982-Photograph_2.tif,,"RG-R, Series 6, Box 9",,,,Student Life,,"Two students sit together on cushioned seating in a campus lounge or common area. One student appears to be reading while speaking with another. One of the student is possibly Serena, though the identification remains uncertain, 1982.",,,,,1982,,,,,photograph,1 photograph,,,,,,,,,,,,,,,,,,,,,,,,,
dg_1771520084,"Misc Outdoor Campus Shot, 1982, Photograph 4",,"Student Life, 1982",image,,,,,Misc Outdoor Campus Shot-1982-Photograph_4.tif,,"RG-R, Series 6, Box 9",,,,Student Life,,"A student identified as Kayla Haines sits reading beneath a large tree on the Grinnell College campus, with a residence hall visible in the background. Kayla Haines is seated in the lower center-right portion of the photograph at the base of the tree, 1982.",,,,,1982,,,,,photograph,1 photograph,,,,,,,,,,,,,,,,,,,,,,,,,
dg_1771520158,"New Student Days Pics, 1982, Photograph 1",,"Student Life, 1982",image,,,,,New Student Days Pics-1982-Photograph_1.tif,,"RG-R, Series 6, Box 9",,,,New Student Days,,"Two students identified as Rhoda Mailna and Lisa Clearlite are shown in a workshop or classroom setting speaking with an older woman who is opearting equipment in the foreground. Rhonda Malina stands on the left side of the photograph, while Lisa Clearlite stands near the center of the image facing the camera. The unidentified woman is positioned in the foreground with her back to the camera, 1982.",,,,,1982,,,,,photograph,1 photograph,,,,,,,,,,,,,,,,,,,,,,,,,
dg_1771522875,"New Student Days Pics, 1982, Photograph 2",,New Student Day 1982,image,,,,,New Student Days Pics-1982-Photograph_2.tif,,"RG-R, Series 6, Box 9",,,,New Student Days,,"Student browsing in bookstore, 1982.",,,,,1982,,,,,photograph,1 photograph,,,,,,,,,,,,,,,,,,,,,,,,,
dg_1771522875,"New Student Days Pics, 1982, Photograph 3",,New Student Day 1982,image,,,,,New Student Days Pics-1982-Photograph_3.tif,,"RG-R, Series 6, Box 9",,,,New Student Days,,"Students browse and converse among bookshelves in the campus bookstore Susan Rest Asplund is positioned near the center of the photograph, standing in front of a display of books. Two additional unidentified individuals are visble at the left and right sides of the image, 1982.",,,,,1982,,,,,photograph,1 photograph,,,,,,,,,,,,,,,,,,,,,,,,,
dg_1771522875,"New Student Days Pics, 1982, Photograph 4",,New Student Day 1982,image,,,,,New Student Days Pics-1982-Photograph_4.tif,,"RG-R, Series 6, Box 9",,,,New Student Days,,"Two students chatting at table, 1982.",,,,,1982,,,,,photograph,1 photograph,,,,,,,,,,,,,,,,,,,,,,,,,
dg_1771522875,"New Student Days Pics, 1982, Photograph 5",,New Student Day 1982,image,,,,,New Student Days Pics-1982-Photograph_5.tif,,"RG-R, Series 6, Box 9",,,,New Student Days,,"Gali Burdick is seated at her desk in an office. Positioned at the center of the photograph, she is shown smiling toward the camera, with office materials and a bulletin board visble in the background, 1982.",,,,,1982,,,,,photograph,1 photograph,,,,,,,,,,,,,,,,,,,,,,,,,
dg_1771522875,"New Student Days Pics, 1982, Photograph 6",,New Student Day 1982,image,,,,,New Student Days Pics-1982-Photograph_6.tif,,"RG-R, Series 6, Box 9",,,,New Student Days,,"Student at registration on New Student Day, 1982.",,,,,1982,,,,,photograph,1 photograph,,,,,,,,,,,,,,,,,,,,,,,,,
dg_1771604207,"Commencement, 1985, Photograph 4",,"Commencement, 1985",image,,,,,Commencement-1985-Photograph_4.tif,,"RG-R, Series 6, Folder 3",Jack Robertson,,,Commencement,,"Two women embrace, 1986.",,,,,1985,1985-05-20,,,,photograph,1 photograph,,,,,,,,,,,,,,,,,,,,,,,,,
dg_1772645028,"Commencement, Undated, Photograph 7",,"Commencement, 1985",image,,,,,Commencement-Undated-Photograph_7.tif,,"RG-R, Series 6, Folder 3",,,,Commencement,,Graduates and guests gather outdoors following Commencement ceremony. Idenfied individuals include Nancy Lambert and Rhonda Stuart. Lianne Kimura and Perry Stern are tentatively identified.,,,,,,,,,,photograph,1 photograph,,,,,,,,,,,,,,,,,,,,,,,,,
dg_1771604370,"Commencement, 1985, Photograph 8",,"Commencement, 1985",image,,,,,Commencement-1985-Photograph_8.tif,,"RG-R, Series 6, Folder 3",Jack Robertson,,,Commencement,,"Close up of one student blowing bubbles with second in background, 1986.",,,,,1985,1985-05-20,,,,photograph,1 photograph,,,,,,,,,,,,,,,,,,,,,,,,,
dg_1771604433,"Commencement, 1986, Photograph 9",,"Commencement, 1986",image,,,,,Commencement-1986-Photograph_9.tif,,"RG-R, Series 6, Folder 3",Jack Robertson,,,Commencement,,"Students attend the 1986 Commencement ceremony. Jim Arbogast is standing on the left side of the photograph. Ethan Cohen, James Rayo, and Klydah are standing near the center of group. Mary Batson is standing near the center-right of the photograph. Cristy Costello is standing to the right of Mary Batso.Mike Bianchi is standing on the right side of the photograph. ",,,,,1986,1986-05-19,,,,photograph,1 photograph,,,,,,,,,,,,,,,,,,,,,,,,,
dg_1771867552,"Commencement, 1985, Photograph 18",,"Commencement, 1985",image,,,,,Commencement-1985-Photograph_18.tif,,"RG-R, Series 6, Folder 3",Jack Robertson,,,Commencement,,"Three students review a document outdoors. From left to right, the students are Anya Grundman, Jackson Wilson, and Jessica Thebus, 1985.",,,,,1985,1985-05-20,,,,photograph,1 photograph,,,,,,,,,,,,,,,,,,,,,,,,,
dg_1771867868,"Commencement, 1987, Photograph 19",,"Commencement, 1987",image,,,,,Commencement-1987-Photograph_19.tif,,"RG-R, Series 6, Folder 3",Jack Robertson,,,Commencement,,"These graduates pose together outdoors during Commencement ceromonies. Phil LeClerc is standing on the left, an unidentified female graduate is standing in the center holding a bouquet of flowers, and Dave Wilson is standing on the right, 1987.",,,,,1987,,,,,photograph,1 photograph,,,,,,,,,,,,,,,,,,,,,,,,,
dg_1771868618,"Commencement, 1985, Photograph 21",,"Commencement, 1985",image,,,,,Commencement-1985-Photograph_21.tif,,"RG-R, Series 6, Folder 3",Jack Robertson,,,Commencement,,"Kate Worcester in a crowd of other students in Graduation robes, wearing a fedora and staring into the distance, 1985.",,,,,1985,,,,,photograph,1 photograph,,,,,,,,,,,,,,,,,,,,,,,,,
dg_1771949118,"Tony Margherita Photos, 1984, Photograph 1",,,image,,,,,Tony Margherita Photos-1984-Photograph_1.tif,,"RG-R, Series 6, Box 9",Tony Margherita,,,Student Life,,"Student participating in an international gathering pose on steps beneath a Republic of China flag. Danny McGrath is seated on the far left side of the photograph. In the front row, Sanjeev Pandey is standing left of the center, Simon Huang is standing near the center, Omar is standing right of center, and Bomi Mistry is standing on the far right. Doug White is visible in the background on the right side of the photograph, 1984.",,,,,1984,,,,,photograph,1 photograph,,,,,,,,,,,,,,,,,,,,,,,,,
dg_1771949118,"Tony Margherita Photos, 1984, Photograph 2",,,image,,,,,Tony Margherita Photos-1984-Photograph _2.tif,,"RG-R, Series 6, Box 9",Tony Margherita,,,Student Life,,"Five students pose together in a residence hall room. Bomi Mistry is standing on the far left of the group. Kayla Haines is also pictured, though her exact position within the group has not been identified, 1984.",,,,,1984,,,,,photograph,1 photograph,,,,,,,,,,,,,,,,,,,,,,,,,
dg_1771949952,"Dance Troupe Rehersal, 1984",,,image,,,,,Dance Troupe Rehersal-1984.tif,,"RG-R, Series 6, Box 9",,,,Student Life,,"Members of the Grinnell College Dance Troupe rehearse for a concert held March 9-10, 1984. Mariam Puldas appears at the front left of the formation. Althea Ricketts is positioned in the upper right area of the group. Emelina Tedesco appears near the center-right. Lisa Cohen is crouched in the foreground at right.",,,,,1984,,,,,photograph,1 photograph,,,,,,,,,,,,,,,,,,,,,,,,,
dg_1771950481,"Grinnell Singers, 1984",,"Grinnell Singers, 1984",image,,,,,Grinnell Singers-1984.tif,,"RG-R, Series 6, Box 9",,,,Grinnell Singers,,"Members of the Grinnell Singers pose for a group portrait in Herrick Chapel, 1984. Identified individuals include Susan Meazkoff, Tim Black, Thom Barthlemess, Ruth Schmidt, and Claire Vernette in the back row (left to right); Ross Carson in the second row from the back; Michelle Maly in the second row on the left; Andy Paul McLary on the far left side of the group; Carol Flesher (Class of 1985) on the right side; Dave Piston in the upper right; Annette Aluzas in the front row; and Tushar Khinder in the lower right. Janet Seger (1985), seated near the center, is tentatively identified.",,,,,1984,,,,,photograph,1 photograph,,,,,,,,,,,,,,,,,,,,,,,,,
dg_1771445476,"Students at book store mailroom, 1956",,,image,,,,,1956_001.tif,,"RG-R, Series 6, Box 25, Folder 2",,,,Student life,,"A group of students pick up mail from home at the book store mailroom, 1956.",,,,,1956,,,,,photograph,1 photograph,,,,,,,,,,,,,,,,,,,,,,,,,
dg_1771446384,"House Party, 1955, Photograph 2",,,image,,,,,1956_002.tif,,"RG-R, Series 6, Box 25, Folder 3",,,,Student life,,"A group of unidentified students dance in pairs at a house party, 1955. ",,,,,1955,,,,,photograph,1 photograph,,,,,,,,,,,,,,,,,,,,,,,,,
dg_1771447028,"Three students sit on a couch in a backyard, 1956",,,image,,,,,1956_003.tif,,"RG-R, Series 6, Box 25, Folder 3",,,,Student life,,"Three unidentified students, 2 men and 1 woman, sit on a couch on a lawn in front of a tree, 1956.",,,,,1956,,,,,photograph,1 photograph,,,,,,,,,,,,,,,,,,,,,,,,,
dg_1771447486,"Unidentified Student Group in Lounge Area, 1956",,,image,,,,,1956_005.tif,,"RG-R, Series 6, Box 25, Folder 3",,,,Student life,,"Six unidentified students sit in front of a fireplace in a lounge, 1956.",,,,,1956,,,,,photograph,1 photograph,,,,,,,,,,,,,,,,,,,,,,,,,
dg_1771447858,"Orchesis Performance, 1956",,,image,,,,,1956_006.tif,,"RG-R, Series 6, Box 25, Folder 3",,,,Orchesis ,,"A line of dancers in the dance group Orchesis do the can-can in a gymnasium, 1956.",,,,,1956,,,,,photograph,1 photograph,,,,,,,,,,,,,,,,,,,,,,,,,
dg_1772484479,"Student Union, 1956, Photograph 3",,,image,,,,,1956_007.tif,,"RG-R, Series 6, Box 25, Folder 3",,,,Student life,,"A view of the Student Union, groups of students sit at tables and booths, talking and eating, 1956.",,,,,1956,,,,,photograph,1 photograph,,,,,,,,,,,,,,,,,,,,,,,,,
dg_1772484605,"Boar's Head Dinner, 1955, Photograph 2",,,image,,,,,1956_008.tif,,"RG-R, Series 6, Box 25, Folder 4",,,,Student life,,A scene from the Boar's Head dinner - a student dressed as a gladiator duels with a student dressed as a monster(?) A student dressed as an old man cowers next to a table in the middle between them.,,,,,1955,,,,,photograph,1 photograph,,,,,,,,,,,,,,,,,,,,,,,,,
dg_1772485061,"House Party, 1955, Photograph 3",,,image,,,,,1956_009.tif,,"RG-R, Series 6, Box 25, Folder 4",,,,Student life,,"Two students on the far left stand next to a big cut-out of a man, one student poses crouched underneath the cutot as another student holds her hand.",,,,,1955,,,,,photograph,1 photograph,,,,,,,,,,,,,,,,,,,,,,,,,
dg_1772486071,"Student Council Convention, 1956, Photograph 3",,,image,,,,,1956_010.tif,,"RG-R, Series 6, Box 25, Folder 6",,,,Student life,,"A group of students in striped shirts and with a can on a string tied around their necks talk with their hands out in front of them, as some other students watch. Around then, students converse and hold signs.",,,,,1956,,,,,photograph,1 photograph,,,,,,,,,,,,,,,,,,,,,,,,,
dg_1772486378,"Two students at Arbor Lake, 1955",,,image,,,,,1956_011.tif,,"RG-R, Series 6, Box 25, Folder 6",,,,Student life,,"Two students, pose at Arbor Lake in front of a wooden building. One student leans against a tree while the other props themselves up on the tree, their arm outstretched next to the tree-leaning student.",,,,,1955,,,,,photograph,1 photograph,,,,,,,,,,,,,,,,,,,,,,,,,
dg_1772486764,"Five students in a drama production, 1955",,,image,,,,,1956_012.tif,,"RG-R, Series 6, Box 25, Folder 6",,,,Student life,,"Five students perform in a theater production, one on all fours in armor looks up at a student wearing a big robe. Three other students wearing togas hold paddles and look down and the student on all fours.",,,,,1955,,,,,photograph,1 photograph,,,,,,,,,,,,,,,,,,,,,,,,,
dg_1772486984,"Two students at an all-campus picnic, 1955",,,image,,,,,1956_013.tif,,"RG-R, Series 6, Box 25, Folder 6",,,,Student life,,"Two students sit on the grass at an All Student Picnic, eating off of paper plates. Behind them are other students in groups.",,,,,1955,,,,,photograph,1 photograph,,,,,,,,,,,,,,,,,,,,,,,,,
dg_1772487447,"House party, 1955, Photograph 4",,,image,,,,,1956_014.tif,,"RG-R, Series 6, Box 25, Folder 6",,,,Student life,,"Students in nice outfits (dresses, suits) and nametags stand around a table and get refreshments, little snacks and punch, from two women sitting and ladling it out.",,,,,1955,,,,,photograph,1 photograph,,,,,,,,,,,,,,,,,,,,,,,,,
dg_1772487641,"""Lark of the Moon"" drama production, 1955",,,image,,,,,1956_015.tif,,"RG-R, Series 6, Box 25, Folder 6",,,,Student life,,"Six students rehearse for a theatre production. Two sit on the ground, in a protective stance, flanking a central figure who appears menacing. Three stand behind in contrapposto, with the right arms up behind them. A seventh figure stands to the side, watching with a towel wrapped around their neck.",,,,,1955,,,,,photograph,1 photograph,,,,,,,,,,,,,,,,,,,,,,,,,
dg_1772487892,"Two students play checkers at a round table, 1956",,,image,,,,,1956_016.tif,,"RG-R, Series 6, Box 25, Folder 6",,,,Student life,,"Two students sit at a round table across from each other, playing checkers. They rest their chins in their hands, looking down at the board seriously",,,,,1956,,,,,photograph,1 photograph,,,,,,,,,,,,,,,,,,,,,,,,,
dg_1772488285,"Seniors prepare to leave for annual class picnic in college station wagons, 1956",,,image,,,,,1956_017.tif,,"RG-R, Series 6, Box 25, Folder 6",,,,Student life,,"A group of students stands inside and between two parked station wagons - two sit in the trunk of the left one, five students stand and talk between, and one sits in the back row of the right one while the last one stands next to them, back turned to camera.",,,,,1956,,,,,photograph,1 photograph,,,,,,,,,,,,,,,,,,,,,,,,,
dg_1772488545,"Pie eating contest, Spring Day 1956",,,image,,,,,1956_018.tif,,"RG-R, Series 6, Box 25, Folder 6",,,,Student life,,"Six individuals stand in the middle of the street on some sort of stadium, with a microphone in front of them. Two of them are eating pie as another person holds the pie. A man in a hat watches. People on the roof of the building behind the scene also watch.",,,,,1956,,,,,photograph,1 photograph,,,,,,,,,,,,,,,,,,,,,,,,,
dg_1771951768,"Student Life Photographs, 1994, Photograph 1",,"Student Life, 1994",image,,,,,Student Life Photographs-1994_001.tif,,"RG-R, Series 6, Box 55, Folder 1",,,,Student life,,"Student on the right is Omar Ghaffar (Class of 1998), undated but likely 1994.",,,,,1994,,,,,photograph,1 photograph,,,,,,,,,,,,,,,,,,,,,,,,,
dg_1771953880,"Student Life Photographs, 1994, Photograph 2",,"Student Life, 1994",image,,,,,Student Life Photographs-1994_002.tif,,"RG-R, Series 6, Box 55, Folder 1",MR?,,,Student life,,"Three students posing for a photo outside south dorms, 1994.",,,,,1994,,,,,photograph,1 photograph,,,,,,,,,,,,,,,,,,,,,,,,,
dg_1771953880,"Student Life Photographs, 1994, Photograph 3",,"Student Life, 1994",image,,,,,Student Life Photographs-1994_003.tif,,"RG-R, Series 6, Box 55, Folder 1",,,,Student life,,"Two students in a chemistry lab, undated but likely 1994.",,,,,1994,,,,,photograph,1 photograph,,,,,,,,,,,,,,,,,,,,,,,,,
dg_1771953880,"Student Life Photographs, 1994, Photograph 4",,"Student Life, 1994",image,,,,,Student Life Photographs-1994_004.tif,,"RG-R, Series 6, Box 55, Folder 1",MR?,,,Student life,,"Three students smiling outside, 1994.",,,,,1994,,,,,photograph,1 photograph,,,,,,,,,,,,,,,,,,,,,,,,,
dg_1771953880,"Student Life Photographs, 1994, Photograph 5",,"Student Life, 1994",image,,,,,Student Life Photographs-1994_005.tif,,"RG-R, Series 6, Box 55, Folder 1",MR?,,,Student life,,"Two students outside Cowles, 1994.",,,,,1994,,,,,photograph,1 photograph,,,,,,,,,,,,,,,,,,,,,,,,,
dg_1771953880,"Student Life Photographs, 1994, Photograph 6",,"Student Life, 1994",image,,,,,Student Life Photographs-1994_006.tif,,"RG-R, Series 6, Box 55, Folder 1",MR?,,,Student life,,"Three students posing for a photo outside, 1994.",,,,,1994,,,,,photograph,1 photograph,,,,,,,,,,,,,,,,,,,,,,,,,
dg_1771953880,"Student Life Photographs, 1997",,"Student Life, 1997",image,,,,,Student Life Photographs-1997.tif,,"RG-R, Series 6, Box 55, Folder 1",Bill Harstad,,,Student life,,"Super Bowl party in Norris, January 1997. Student seated on the couch in the center is J.P. Christensen (Class of 1998). Student seated on the couch second from the right is Max Maclay (Class of 1997). Student seated on the couch on the far left is Brian Rebel (Class of 1998). Student seated on the floor in the foreground wearing a black cap is unidentified. Student seated on the floor facing left may be Laura (Class of 1997). Other students in the photograph are unidentified.",,,,,1997,,,,,photograph,1 photograph,,,,,,,,,,,,,,,,,,,,,,,,,
dg_1772558228,"Student Life, Music, 1994",,"Student Life, 1994",image,,,,,"Student Life, Music-1994.tif",lib_rgr_56b54f1_studentactivites003,"RG-R, Series 6, Box 54, Folder 1",MR?,,0,Student life,,"Four students playing music in central campus, 1994.",,,,,1994,,,,,photograph,1 photograph,,,,,,,,,,,,,,,,,,,,,,,,,
dg_1772558809,"Student Activities, 1993",,"Student Life, 1993",image,,,,,Student Activities-1993.tif,lib_rgr_56b54f1_studentactivites006,"RG-R, Series 6, Box 54, Folder 1",,,,Student life,,"Four students stand outfoors on campus participating in what appears to be a watermelon-eating competition or student activity. The student on the far left is Matthew Welch (Class of 1996). The second student from the left is Roy Rich (Class of 1996). The third student from the left is an unidentified student. The student on the far right is Greg Kane (Class of 1996). This picture was taken outside of Cowles, 1993.",,,,,1993,,,,,photograph,1 photograph,,,,,,,,,,,,,,,,,,,,,,,,,
dg_1775145656,"Town, College, and Community, Photograph 1",,Student Life,image,,,,,Town-College-and Community-Photograph_1.tif,,"RG-R, Series 6, Box 57, Folder 5",Fred Mann,,,Student Life | Students,,"Four students posing at a table while eating out. Student second from the right is Kevin Curtis, 1995.",,,,,1995,,,,,photograph,1 photograph,,,,,,,,,,,,,,,,,,,,,,,,,
dg_1775145658,"Town, College, and Community, Photograph 2",,Student Life,image,,,,,Town-College-and Community-Photograph_2.tif,,"RG-R, Series 6, Box 57, Folder 5",,,,Student Life | Students,,"Farmers Market. Student in the center is Indrani Lahiri (Class of 2000). Student on the right is Laya Ranjit (Class of 2000). The person on the left is unidentified, likely 1994.",,,,,1994,,,,,photograph,1 photograph,,,,,,,,,,,,,,,,,,,,,,,,,
dg_1775145658,"Town, College, and Community, Photograph 3",,Student Life,image,,,,,Town-College-and Community-Photograph_3.tif,,"RG-R, Series 6, Box 57, Folder 5",Margaret Rauber,,,Student Life | Students,,"A group of students walking in Grinnell, likely 1994.",,,,,1994,,,,,photograph,1 photograph,,,,,,,,,,,,,,,,,,,,,,,,,
dg_1775145658,"Town, College, and Community, Photograph 4",,Student Life,image,,,,,Town-College-and Community-Photograph_4.tif,,"RG-R, Series 6, Box 57, Folder 5",,,,Student Life | Students,,"Two students walking at the farmers market, likely 1994.",,,,,1994,,,,,photograph,1 photograph,,,,,,,,,,,,,,,,,,,,,,,,,
dg_1775145658,"Town, College, and Community, Photograph 5",,Student Life,image,,,,,Town-College-and Community-Photograph_5.tif,,"RG-R, Series 6, Box 57, Folder 5",Margaret Rauber,,,Student Life | Students,,"Downtown Grinnell. Student on the left is John Haller (Class of 1995). Student on the right is unidentified, 1994.",,,,,1994,,,,,photograph,1 photograph,,,,,,,,,,,,,,,,,,,,,,,,,
dg_1775145658,"Town, College, and Community, Photograph 6",,Student Life,image,,,,,Town-College-and Community-Photograph_6.tif,,"RG-R, Series 6, Box 57, Folder 5",,,,Student Life | Students,,"Two students sitting outside at the farmers market, likely 1994.",,,,,1994,,,,,photograph,1 photograph,,,,,,,,,,,,,,,,,,,,,,,,,
dg_1772817687,"Origami Event, Photograph 1",,"Student Life, 2015",image,,,,,DSCF2962.jpg,,Unaccessioned Photos from Office of Communications and Marketing,Justin Hayworth,,,Student Life,,"Student sits posed smiling with orgami swan with event blurred in background, 2015.",,,,,2015,,,,,photograph,1 photograph,,,,,,,,,,,,,,,,,,,,,,,,,
dg_1772818198,"Origami Event, Photograph 2",,"Student Life, 2015",image,,,,,DSCF2961.jpg,,Unaccessioned Photos from Office of Communications and Marketing,Justin Hayworth,,,Student Life,,"Two students on the right, one holding orgami paper with two more students in background, 2015.",,,,,2015,,,,,photograph,1 photograph,,,,,,,,,,,,,,,,,,,,,,,,,
dg_1772818289,"Origami Event, Photograph 3",,"Student Life, 2015",image,,,,,DSCF2952.jpg,,Unaccessioned Photos from Office of Communications and Marketing,Justin Hayworth,,,Student Life,,"Student poses smiling with orgami swan with Joe Rosenfield Center blurred in background, 2015.",,,,,2015,,,,,photograph,1 photograph,,,,,,,,,,,,,,,,,,,,,,,,,
dg_1772818391,"Origami Event, Photograph 4",,"Student Life, 2015",image,,,,,DSCF2948.jpg,,Unaccessioned Photos from Office of Communications and Marketing,Justin Hayworth,,,Student Life,,"Student sits at table folding orgami paper with event blurred in background, 2015.",,,,,2015,,,,,photograph,1 photograph,,,,,,,,,,,,,,,,,,,,,,,,,
dg_1772818392,Group of Students,,"Student Life, 2015",image,,,,,DSCF2861.jpg,,Unaccessioned Photos from Office of Communications and Marketing,Justin Hayworth,,,Student Life,,"Eleven students pose around a couch in formal party attire in unidentified north campus dorm lounge. Jarren Santo (Class of 2017) is standing at the second place from the right. Bailey Dunn is seated at the forth from the right, 2015.",,,,,2015,,,,,photograph,1 photograph,,,,,,,,,,,,,,,,,,,,,,,,,
dg_1772818795,"Origami Event, Photograph 5",,"Student Life, 2015",image,,,,,ISOreal-5,,Unaccessioned Photos from Office of Communications and Marketing,Justin Hayworth,,,Student Life,,"Three students sit at table folding orgami paper with event in background, 2015.",,,,,2015,,,,,photograph,1 photograph,,,,,,,,,,,,,,,,,,,,,,,,,
dg_1772818876,"Student Dance Performance, 2015, Photograph 1",,"Student Life, 2015",image,,,,,JD4_2749.tif,,Unaccessioned Photos from Office of Communications and Marketing,John Brady Photography,,,Performers,,"Students hold umbrellas during performance, 2015.",,,,,2015,,,,,photograph,1 photograph,,,,,,,,,,,,,,,,,,,,,,,,,
dg_1772818940,"Student Dance Performance, 2015, Photograph 2",,"Student Life, 2015",image,,,,,JD6_0574.tif,,Unaccessioned Photos from Office of Communications and Marketing,John Brady Photography,,,Performers,,"Charlotte Richardson Deppe looks at the camera during a dance performance, 2015.",,,,,2015,,,,,photograph,1 photograph,,,,,,,,,,,,,,,,,,,,,,,,,
dg_1772818991,"Student Dance Performance, 2015, Photograph 3",,"Student Life, 2015",image,,,,,JD6_0507.tif,,Unaccessioned Photos from Office of Communications and Marketing,John Brady Photography,,,Performers,,"Gabrielle (Gabi) Matthews (Class of 2017) performs in a dance production under dramatic red stage lighting. Positioned at the center of the composition, Matthews leads a group of dancers engaged in coordinated movement and expressive gestures, 2015.",,,,,2015,,,,,photograph,1 photograph,,,,,,,,,,,,,,,,,,,,,,,,,
dg_1772819304,"Student Dance Performance, 2015, Photograph 4",,"Student Life, 2015",image,,,,,JD6_0498.tif,,Unaccessioned Photos from Office of Communications and Marketing,John Brady Photography,,,Performers,,"Ebony (Class of 2016) stands at right foreground during a staged performance under blue theatrical lighting. Other performers occupy the background, creating a layered composition that emphasizes movement, contract, and stage presence, 2015.",,,,,2015,,,,,photograph,1 photograph,,,,,,,,,,,,,,,,,,,,,,,,,
dg_1772819460,"Student Dance Performance, 2015, Photograph 5",,"Student Life, 2015",image,,,,,JD4_2575.tif,,Unaccessioned Photos from Office of Communications and Marketing,John Brady Photography,,,Performers,,"Three performers reach towards a fourth performer laying on the ground, 2015.",,,,,2015,,,,,photograph,1 photograph,,,,,,,,,,,,,,,,,,,,,,,,,
dg_1772819594,"Students on a Tour, 2015, Photograph 1",,"Student Life, 2015",image,,,,,JD6_0011-Web.jpg,,Unaccessioned Photos from Office of Communications and Marketing,John Brady Photography,,,Student Life,,"Students stand in a freight elevator wearing hard hats, 2015.",,,,,2015,,,,,photograph,1 photograph,,,,,,,,,,,,,,,,,,,,,,,,,
dg_1772819649,"Students on a Tour, 2015, Photograph 2",,"Student Life, 2015",image,,,,,JD6_9979-Web.jpg,,Unaccessioned Photos from Office of Communications and Marketing,John Brady Photography,,,Student Life,,"Students listen to a tour guide in industrial environment, 2015.",,,,,2015,,,,,photograph,1 photograph,,,,,,,,,,,,,,,,,,,,,,,,,
dg_1774280058,"Student Juggling Snowballs, 2015",,"Student Life, 2015",image,,,,,JD6_9635-Web.jpg,,Unaccessioned Photos from Office of Communications and Marketing,John Brady Photography,,,Student Life,,"Student juggling snowballs in a driveway, 2015.",,,,,2015,,,,,photograph,1 photograph,,,,,,,,,,,,,,,,,,,,,,,,,
dg_1774280918,"Students with Snowman, 2015",,"Student Life, 2015",image,,,,,JD6_9583-Web.jpg,,Unaccessioned Photos from Office of Communications and Marketing,John Brady Photography,,,Student Life,,"Two students pose for a photograph with a snowman, one on each side with the left student holding thumbs up, 2015.",,,,,2015,,,,,photograph,1 photograph,,,,,,,,,,,,,,,,,,,,,,,,,
dg_1774280919,"Diwali Celebration, 2015, Photograph 1",,"Student Life, 2015",image,,,,,diwali-42.jpg,,Unaccessioned Photos from Office of Communications and Marketing,Justin Hayworth,,,Student Life,,"Four students dance in cultural attire for Diwali celebrations in the Harris Concert Hall, 2015.",,,,,2015,,,,,photograph,1 photograph,,,,,,,,,,,,,,,,,,,,,,,,,
dg_1774281494,"Diwali Celebration, 2015, Photograph 2",,"Student Life, 2015",image,,,,,diwali-39.jpg,,Unaccessioned Photos from Office of Communications and Marketing,Justin Hayworth,,,Student Life,,This photograph was taken in Harris Concert Hall in 2015. This is a Diwali celebration South Asian cultural event.,,,,,2015,,,,,photograph,1 photograph,,,,,,,,,,,,,,,,,,,,,,,,,
dg_1774281775,"Diwali Celebration, 2015, Photograph 3",,"Student Life, 2015",image,,,,,diwali-18.jpg,,Unaccessioned Photos from Office of Communications and Marketing,Justin Hayworth,,,Student Life,,"Two students and a faculty member serve food during Diwali in Harris Concert Hall, 2015.",,,,,2015,,,,,photograph,1 photograph,,,,,,,,,,,,,,,,,,,,,,,,,
dg_1774282045,"Diwali Celebration, 2015, Photograph 4",,"Student Life, 2015",image,,,,,diwali-5.jpg,,Unaccessioned Photos from Office of Communications and Marketing,Justin Hayworth,,,Student Life,,"A group of students serve food for Diwali in Harris Concert Hall, 2015.",,,,,2015,,,,,photograph,1 photograph,,,,,,,,,,,,,,,,,,,,,,,,,
dg_1774282433,"Food Bazaar, 2015, Photograph 1",,"Student Life, 2015",image,,,,,DSCF2585.jpg,,Unaccessioned Photos from Office of Communications and Marketing,,,,Student Life,,"A group of students eat at Food Bazaar in Harris Concert Hall. Beau B. (Class of 2016) is the student wearing green glasses near the center of the image, talks with fellow students at a crowded dining table, 2015.",,,,,2015,,,,,photograph,1 photograph,,,,,,,,,,,,,,,,,,,,,,,,,
dg_1774282527,"Food Bazaar, 2015, Photograph 2",,"Student Life, 2015",image,,,,,DSCF1622.jpg,,Unaccessioned Photos from Office of Communications and Marketing,,,,Student Life,,"Two students pose at their seats during Food Bazaar in Harris Concert Hall, 2015.",,,,,2015,,,,,photograph,1 photograph,,,,,,,,,,,,,,,,,,,,,,,,,
dg_1774282678,"Food Bazaar, 2015, Photograph 3",,"Student Life, 2015",image,,,,,DSCF1620.jpg,,Unaccessioned Photos from Office of Communications and Marketing,,,,Student Life,,"A group of people pose for a photo during Food Bazaar in Harris Concert Hall, 2015.",,,,,2015,,,,,photograph,1 photograph,,,,,,,,,,,,,,,,,,,,,,,,,
dg_1775147306,"Science Pics, 1960,  Photograph 1",,,image,,,,,Science Pics-Photograph_1.tif,,"RG-R, Series 6, Box 1, 1960",,,,Students | Science,,"Two students working with old machinery in a science lab, July 1960.",,,,,1960,,,,,photograph,1 photograph,,,,,,,,,,,,,,,,,,,,,,,,,
dg_1775147308,"Science Pics, 1960,  Photograph 2",,,image,,,,,Science Pics-Photograph_2.tif,,"RG-R, Series 6, Box 1, 1960",,,,Students | Science,,"Two students working in a lab, July 1960.",,,,,1960,,,,,photograph,1 photograph,,,,,,,,,,,,,,,,,,,,,,,,,
dg_1775147308,"Science Pics, 1960,  Photograph 3",,,image,,,,,Science Pics-Photograph_3.tif,,"RG-R, Series 6, Box 1, 1960 ",,,,Students | Science,,"A student observing potted plants, July 1960.",,,,,1960,,,,,photograph,1 photograph,,,,,,,,,,,,,,,,,,,,,,,,,
dg_1775573076,"Registration, 1960",,"Registration, 1960",image,,,,,Registration-1960.tif,,"RG-R, Series 6, Box 1, 1960-1961",,,,Students | Registration,,"A student sitting at Mr. Wellborn's desk during class registration, September 1960.",,,,,1960,,,,,photograph,1 photograph,,,,,,,,,,,,,,,,,,,,,,,,,
dg_1775574188,"Student Variety Show, 1960, Photograph 2",,"Student Life, 1960",image,,,,,Student Variety Show-1960-Photograph _2.tif,,"RG-R, Series 6, Box 1, 1960-1961",,,,Students | Student Life,,"Eight students singing on stage at the variety show. Terry Moore is standing near the center of the group. P. Sandberg is standing near the center, to the left of Terry Moore. Ken Hall is standing on the right side of the group near the microphone. Eric Stubben and Gale Hatten are standing on the right side of the group. September 1960.",,,,,1960,,,,,photograph,1 photograph,,,,,,,,,,,,,,,,,,,,,,,,,
dg_1775574193,"Student Variety Show, 1960, Photograph 3",,"Student Life, 1960",image,,,,,Student Variety Show-1960-Photograph_3.tif,,"RG-R, Series 6, Box 1, 1960-1961",,,,Students | Student Life,,"A group of eleven students with straw hats on stage at the variety show. Ann Wright is the student at the far left of the groud. Mcllwary is standing second from the left. Sue Z. is standing near the center of the group. Cathleen Cathley is standing to the right of the center. Van Dalen is standing on the right side of the group, September 1960.",,,,,1960,,,,,photograph,1 photograph,,,,,,,,,,,,,,,,,,,,,,,,,
dg_1775574193,"Student Variety Show, 1960, Photograph 4",,"Student Life, 1960",image,,,,,Student Variety Show-1960-Photograph_4.tif,,"RG-R, Series 6, Box 1, 1960-1961",,,,Students | Student Life,,"Eleven students dancing on stage with straw hats at the variety show. Ann Wright is the student at the far left of the group. Hedda Haglund (Smithson) is the second student from the left, September 1960.",,,,,1960,,,,,photograph,1 photograph,,,,,,,,,,,,,,,,,,,,,,,,,
dg_1775575777,"Haner, 1961",,,image,,,,,Haner-1961.tif,,"RG-R, Series 6, Box 1, 1961",,,,,,"Three individuals stand around a typewriter. Stanley King is standing on the right side of the picture. Carol Thateker is standing behind the seated individual, March 1961.",,,,,March 1961,,,,,photograph,1 photograph,,,,,,,,,,,,,,,,,,,,,,,,,
dg_1775576397,"Music, 1961",,,image,,,,,Music-1961.tif,,"RG-R, Series 6, Box 1, 1961",,,,Students ,,"A student at the piano with two men observing/teaching. Gretchen Osterhof Thomson is seated at the piano in the center of the picture. Robert Hase is standing on the right side of the picture, 1961.",,,,,1961,,,,,photograph,1 photograph,,,,,,,,,,,,,,,,,,,,,,,,,
dg_1775577006,"Homecoming Floats, 1960, Photograph 1",,"Homecoming, 1960",image,,,,,Homecoming Floats-1960-Photograph_1.tif,,"RG-R, Series 6, Box 1, 1960-1961",,,,Students | Student Life,,"Student Homecoming float ""Cage the Kohawks"", October 9, 1960.",,,,,,1960-10-9,,,,photograph,1 photograph,,,,,,,,,,,,,,,,,,,,,,,,,
dg_1775577008,"Homecoming Floats, 1960, Photograph 2",,"Homecoming, 1961",image,,,,,Homecoming Floats-1960-Photograph _2.tif,,"RG-R, Series 6, Box 1, 1960-1961",,,,Students | Student Life,,"Student Homecoming float ""Kiddy-Hawk Competition"", October 9, 1960.",,,,,,1960-10-9,,,,photograph,1 photograph,,,,,,,,,,,,,,,,,,,,,,,,,
dg_1775749671,Travel-Service Scholars for 1961,,,image,,,,,Travel-Service Scholars for 1961.tif,,"RG-R, Series 6, Box 1, 1961",,,,Students ,,"Seven students pointing at a map. Jim Lowry is standing at the far left of the group. Nancy Welch is standing third from the left. Chris Marey is standing second from the right, Guy Scanlan is standing at the far right of the group, 1961.",,,,,1961,,,,,photograph,1 photograph,,,,,,,,,,,,,,,,,,,,,,,,,
dg_1775750097,"Women's Officers, 1961, Photograph 1",,,image,,,,,Women's Officers-1961-Photograph_1.tif,,"RG-R, Series 6, Box 1, 1961",,,,Students ,,"Eight students posing for a photograph. In the back row. from left to right, are Jane Eagan, Gretchen Osterhaus, Sandy Frieze, and one unidentified student. In the front row, from left to right, are Dorothy Sharrockett, Jill Glysteen, Jeanne Gissness, and Anne Hamilton. April 1961.",,,,,1961,,,,,photograph,1 photograph,,,,,,,,,,,,,,,,,,,,,,,,,
dg_1775750099,"Women's Officers, 1961, Photograph 2",,,image,,,,,Women's Officers-1961-Photograph_2.tif,,"RG-R, Series 6, Box 1, 1961",,,,Students ,,"Nine students posing for a photograph. Joan Christianson is standing at the far left of the back row. Nancy Welch is standing second from the left in the back row. Mary Ann Curie is standing in the center of the back row, April 1961.",,,,,1961,,,,,photograph,1 photograph,,,,,,,,,,,,,,,,,,,,,,,,,
dg_1775750701,"Wrestling Squad, 1961-1962",,,image,,,,,Wrestling Squad_1961-1962.tif,,"RG-R, Series 6, Box 1, 1961-1962",,,,Students | Athletics | Wrestling ,,"Nine student wrestlers and their coach, Terry Moore. Wayne Sand is the second student from the right in the back row. Dick Harris is the first student from the right in the front row. 1961-1962.",,,,,1961-1962,,,,,photograph,1 photograph,,,,,,,,,,,,,,,,,,,,,,,,,
dg_1775751157,"Election Night Patry, 1962",,,image,,,,,Election Night Party_1962.tif,,"RG-R, Series 6, Box 1, 1962",,,,Students | Student Life | Politics,,"Students at the Election Night Party in the Caucus Room, Program in Practical Political Education (PPPE), November 1962.",,,,,November 1962,,,,,photograph,1 photograph,,,,,,,,,,,,,,,,,,,,,,,,,
dg_1775751715,"Cheerleaders, 1962",,,image,,,,,Cheerleaders_1962.tif,,"RG-R, Series 6, Box 1, 1962",,,,Students | Cheerleading,,"Six students pose outdoors wearing matching sweaters. Pam Drews is standing at the upper left of the group. Abby is standing at the upper right of the group. Jo Riley is standing at the center left of the group. Sharon Miller is standing at the center right of the group. Becky Retz Neal is seated at the front center of the group, 1962.",,,,,1962,,,,,photograph,1 photograph,,,,,,,,,,,,,,,,,,,,,,,,,
dg_1776183183,"Football Squad, 1960, Photograph 1",,,image,,,,,Football Squad-1960-Photograph_1.tif,,"RG-R, Series 6, Box 1, 1960-1961",,,,Students | Athletics | Football,,"Fourteen football players posing for a photograph with their coach, 1960.",,,,,1960,,,,,photograph,1 photograph,,,,,,,,,,,,,,,,,,,,,,,,,
dg_1776183185,"Football Squad, 1960, Photograph 2",,,image,,,,,Football Squad-1960-Photograph_2.tif,,"RG-R, Series 6, Box 1, 1960-1961",,,,Students | Athletics | Football,,"Thirty-one football players posing for a photograph with their coach, 1960.",,,,,1960,,,,,photograph,1 photograph,,,,,,,,,,,,,,,,,,,,,,,,,
dg_1776183752,"Paddle Tennis, 1960",,,image,,,,,Paddle Tennis_1960.tif,,"RG-R, Series 6, Box 1, 1960-1961",,,,Students | Athletics ,,"Four students outside playing paddle tennis, September 1960.",,,,,1960,,,,,photograph,1 photograph,,,,,,,,,,,,,,,,,,,,,,,,,
dg_1776183891,"Cross Country, 1960, Photograph 1",,,image,,,,,Cross Country-1961-Photograph_1.tif,,"RG-R, Series 6, Box 1, 1960-1961",,,,Students | Athletics | Cross Country,,Coach Terry Moore presents cross-country awards to student athletes. Paul Roper is the second inidividual from the left. harry Huttel is the third individual from the left. Dick Fisher is the fifth individual from the left. Grant Fairbanks is the individual at the far right of the photograph.1961.,,,,,1960,,,,,photograph,1 photograph,,,,,,,,,,,,,,,,,,,,,,,,,
dg_1776183900,"Cross Country, 1961, Photograph 1",,,image,,,,,Cross Country-1961-Photograph_2.tif,,"RG-R, Series 6, Box 1, 1960-1961",,,,Students | Athletics | Cross Country,,"Members of the 1961 conference champion cross-country team pose for a group phototgraph. In the front row, from left to right, are Hap Lutter, Ron Dorn, Jack Winiecki, Dick Fisher, and Bill Gorbunoff. In the back row, from left to right, are Coach Young, Grant Fairbanks, Gof Thompson (1962), Keith Kester, Phil Norton, and Paul Risser, 1961.",,,,,1961,,,,,photograph,1 photograph,,,,,,,,,,,,,,,,,,,,,,,,,
dg_1772832610,"Unidentified Student Reading in Dorm Room, April 2, 1969",,,image,,,,,Photo_001.tif,,"RG-R, Series 6, Box 25, Folder 9",George T. Henry ,,,Student Life,,"Student James John Ellsmore sits reading a book titled Eldridge Cleaver at a dorm room desk, 1969.",,,,,1969,,,,,photograph,1 photograph,,,,,,,,,,,,,,,,,,,,,,,,,
dg_1772833536,"Two students walk away from the ARH, May 1964",,,image,,,,,Photo_002.tif,,"RG-R, Series 6, Box 25, Folder 9",,,,Student Life,,"Two students hold each other as they walk away from the Alumni Recitation Hall, 1964.",,,,,May 1964,,,,,photograph,1 photograph,,,,,,,,,,,,,,,,,,,,,,,,,
dg_1772834273,"Students checking out at bookstore, December 6, 1964",,,image,,,,,Photo_003.tif,,"RG-R, Series 6, Box 25, Folder 9",McMullin,,,Student Life,,"Three students check out at the bookstore, another student in the background, 1964.",,,,,1964,,,,,photograph,1 photograph,,,,,,,,,,,,,,,,,,,,,,,,,
dg_1772834871,"Environmental Teach-In, Students returning ""Bud"" cans to Grinnell Beverage Co., 1970",,,image,,,,,Photo_004.tif,,"RG-R, Series 6, Box 25, Folder 13",,,,Student Life,,A group of students is gathered around a van parked on city street during what appears to be an anti-war protest in 1967 or 1968. .,,,,,,,,,,photograph,1 photograph,,,,,,,,,,,,,,,,,,,,,,,,,
dg_1772835365,"Students play cards in a lounge, April 2, 1969",,,image,,,,,Photo_005.tif,,"RG-R, Series 6, Box 26, Folder 1",George T. Henry,,,Student Life, ,"Four students sit at a table playing cards in the Forum, 1969.",,,,,1969,,,,,photograph,1 photograph,,,,,,,,,,,,,,,,,,,,,,,,,
dg_1772836501,"Three students sit/stand outside the Forum, 1971",,,image,,,,,Photo_006.tif,,"RG-R, Series 6, Box 26, Folder 1",,,,Student Life,,"Three students, two sitting and one standing, look out onto South Campus from the front of the Forum, 1971.",,,,,1971,,,,,photograph,1 photograph,,,,,,,,,,,,,,,,,,,,,,,,,
dg_1774289461,"Students sitting and chatting, May 1969",,,image,,,,,Photo_007.tif,,"RG-R, Series 6, Box 26, Folder 2",George T. Henry,,,Student Life,,"Four students sit on chairs near a window, chatting, 1969. Taken for the new student catalogue ""When You Come to Grinnell"" Professor Greg Guroff is seated on the far left side of the photograph, sitting in a sofa crossed and facing the group discussion. The second from the right is H. Christine Midelfort..",,,,,1969,,,,,photograph,1 photograph,,,,,,,,,,,,,,,,,,,,,,,,,
dg_1774290338,"Crowded stands, Fall 1966, Photograph 2",,,image,,,,,Photo_008.tif,,"RG-R, Series 6, Box 26, Folder 2",Lilah Morton,,,Student Life,,"A large crowd watches a game from the stands, people in the first row hold a sign that says ""Young Steve"". Bruce Strom is seated in the fifth row from the front and approximately the fifth person from the left side of the photograph, among the spectators in the bleachers. Ron Ai (Class of 1970) is seated in the front row, approximately the sixth person from the left side of the photograph, near the bottom center-right area of the image. Mike Sehested (Class of 1970) is seated in the upper middle-right section of the photograph. He wears his glasses and is positioned several rows behind the front of the crowd. H. Tappes appears along the right side of photograph, seated among the spectators in the stands,  Fall 1966.",,,,,Fall 1966,,,,,photograph,1 photograph,,,,,,,,,,,,,,,,,,,,,,,,,
dg_1774290757,"Students in South Loggia, 1969",,,image,,,,,Photo_009.tif,,"RG-R, Series 6, Box 26, Folder 2",George T. Henry,,,Student Life,,"Gathering of students in the South Campus Loggia. Al Wands is seated on the left side of the photograph, reclining in a cushioned lounge chair with his legs extended onto another chair in front of him.",,,,,1969,,,,,photograph,1 photograph,,,,,,,,,,,,,,,,,,,,,,,,,
dg_1775141967,"Senate Meeting, 1965-1966",,,image,,,,,Photo_010.tif,,"RG-R, Series 6, Box 26, Folder 2",John Phillips,,,Student Life,,Senate meets during the 1965-66 school year. Seated in middle row center is Terry Nelson Littlejohn. Art Knowles (Class of 1970) appears near the center-right of the photograph and is partially obscured by the annotation note identifying him. He is seated among a group of students holding papers and appears to be participating  in Senate meeting.,,,,,1965-1966,,,,,photograph,1 photograph,,,,,,,,,,,,,,,,,,,,,,,,,
dg_1774292127,"Students in line for second semester registration in Burling, 1972",,,image,,,,,Photo_011.tif,,"RG-R, Series 6, Box 26, Folder 6",,,,Student Life,,"Students form a line to talk with a librarian at a desk for second semester registration, one fills out a form. Doung Russel is standing on the far right side of the photograph, leaning forward over the counter and looking down at the materials on the desk.",,,,,1972,,,,,photograph,1 photograph,,,,,,,,,,,,,,,,,,,,,,,,,
dg_1774293680,"Students in political science caucus room, May 5th 1970",,,image,,,,,Photo_012.tif,,"RG-R, Series 6, Box 16, Folder 1",George T. Henry,,,Student Life,,"Four students sit in the political science caucus room, sitting with papers and books. One student is identified as Ossie Barrett (Class of 1973). And the second from the left is Mark Haniton.",,,,,,1970-05-05,,,,photograph,1 photograph,,,,,,,,,,,,,,,,,,,,,,,,,
dg_1774294169,"Three students outside the ARH, May 5th 1970",,,image,,,,,Photo_013.tif,,"RG-R, Series 6, Box 16, Folder 1",George T. Henry,,,Student Life,,"Three students stand under an arch outside the ARH, one is identified as Sheila Y. Scullock (Class of 1973).",,,,,,1970-05-05,,,,photograph,1 photograph,,,,,,,,,,,,,,,,,,,,,,,,,
dg_1774294538,"Students on Mac Field, April 1972",,,image,,,,,Photo_014.tif,,"RG-R, Series 6, Box 16, Folder 1",,,,Student Life,,"A group of students standsit on Mac Field, watching something that is unpictured, April 1972. Three students are identified as Dianne Jones (Class of 1974), Renee Weldon (Class of 1973), and Jon R. Gray (Class of 1973). Sherri Raines is seated on the ground near the center of the photograph. She appears between two standing figures in the foreground, with only the upper portion of her body visible.",,,,,April 1972,,,,,photograph,1 photograph,,,,,,,,,,,,,,,,,,,,,,,,,
dg_1774295574,"Second Semester Registration, 1970-1971",,,image,,,,,Photo_015.tif,,"RG-R, Series 6, Box 17, Folder 1",McMullin,,,Student Life,,A group of students register for classes in Darby. Dan Duncan (Class of 1974) is standinng near the center-right of the photograph. He is wearing a patterned coat and holding a sheet of paper in his right hand while facing the registration table.,,,,,1970-1971,,,,,photograph,1 photograph,,,,,,,,,,,,,,,,,,,,,,,,,
dg_1776270133,"Guest Performer, CBS Dinner, 1996",,Student Activities (1980s-1990s),image,,,,,Student_Activities_Slides_001.tif,,"RG-R, Series 6, Box 54, Folder 2",,,,"Students | Music | College students, Black | Clubs and Organizations | CBS",,"Two students converse with a guest performer during a CBS (Concerned Black Students) Dinner in Fall 1996. Identified individuals include Ralph Russell (center) and Moses Mann (Class of 1999, right).",,,,,Fall 1996,,,,,photograph,1 photograph,,,,,,,,,,,,,,,,,,,,,,,,,
dg_1776270447,"Black Student Movie Fall, 1996",,Student Activities (1980s-1990s),image,,,,,Student_Activities_Slides_002.tif,,"RG-R, Series 6, Box 54, Folder 2",,,,"Students | Motion picture theaters | College students, Black | Clubs and Organizations | CBS",,"Students sit and stand in and around seating in the Harris Center Theater. Identified individuals are Gerald Johnson (Class of 1998, center right) and Jacee Scott (Class of 1998) Stanley (Background, upper right), 1996.",,,,,1996,,,,,photograph,1 photograph,,,,,,,,,,,,,,,,,,,,,,,,,
dg_1776270722,Pride Week 1997,,Student Activities (1980s-1990s),image,,,,,Student_Activities_Slides_003.tif,,"RG-R, Series 6, Box 54, Folder 2",,,,Students | Gay pride celebrations | Clubs and Organizations | Stonewall Coalition | SRC,,"Two students stand on stage during a pride event in the Harris Center Theater, 1997.",,,,,1997,,,,,photograph,1 photograph,,,,,,,,,,,,,,,,,,,,,,,,,
dg_1776270730,"Black Church F, 1996",,Student Activities (1980s-1990s),image,,,,,Student_Activities_Slides_004.tif,,"RG-R, Series 6, Box 54, Folder 2",,,,"Students | African American churches | College students, Black | Clubs and Ogranizations | Black Church",,"Two people talk near the pulpit of Herrick Chapel during Black Church. Moses Mann (Class of 1999) speaks with Richard Pitt (Administration) during this event, 1996.",,,,,1996,,,,,photograph,1 photograph,,,,,,,,,,,,,,,,,,,,,,,,,
dg_1776270867,CBS-Dinner F 96,,Student Activities (1980s-1990s),image,,,,,Student_Activities_Slides_005.tif,,"RG-R, Series 6, Box 54, Folder 2",,,,"Students | College students, Black | Clubs and Organizations | CBS",,"Students gather around a table getting food in the Black Cultural Center. Christina Fry (Class of 2000), standing near the buffet table at left-center, 1996.",,,,,1996,,,,,photograph,1 photograph,,,,,,,,,,,,,,,,,,,,,,,,,
dg_1776271021,Gerald Johnson BCC Dec 1996 Campus Scene,,Student Activities (1980s-1990s),image,,,,,Student_Activities_Slides_006.tif,,"RG-R, Series 6, Box 54, Folder 2",,,,"Students | College students, Black | Clubs and Organizations | BCC",,"Gerald Johnson (Class of 1998) and Amanda Walker (Class of 1998) sit on a couch in the Black Cultural Center, 1996.",,,,,1996,,,,,photograph,1 photograph,,,,,,,,,,,,,,,,,,,,,,,,,
dg_1776271043,"F.A. Ceremony F, 1996",,Student Activities (1980s-1990s),image,,,,,Student_Activities_Slides_007.tif,,"RG-R, Series 6, Box 54, Folder 2",,,,Students | Art,,Students and others converse during a reception for Center of Fine Arts. Frank Thomas stands in the middle. 1996.,,,,,1996,,,,,photograph,1 photograph,,,,,,,,,,,,,,,,,,,,,,,,,
dg_1776271071,"Fine Arts Celebration, 1996",,Student Activities (1980s-1990s),image,,,,,Student_Activities_Slides_008.tif,,"RG-R, Series 6, Box 54, Folder 2",,,,Students | Art,,"Two people converse during a reception for Fine Arts. The man on the left is Craig Gibbens (Class of 1995), 1996.",,,,,1996,,,,,,,,,,,,,,,,,,,,,,,,,,,,,,,
dg_1776271119,"Fature Public Event, 1996",,Student Activities (1980s-1990s),image,,,,,Student_Activities_Slides_009.tif,,"RG-R, Series 6, Box 54, Folder 2",,,,Students | Music ,,"Band believed to be Fature performs likely in the Harris Center Concert Hall, 1996.",,,,,1996,,,,,,,,,,,,,,,,,,,,,,,,,,,,,,,
dg_1776271316,"Party at BCC, 1996",,Student Activities (1980s-1990s),image,,,,,Student_Activities_Slides_010.tif,,"RG-R, Series 6, Box 54, Folder 2",,,,"Students | College students, Black | Clubs and Organizations | BCC",,"Two students sit and one student stands during a party at the Black Cultural Center. Aneesa ""Dee"" Thompson (Class of 1995), seated at the center of the image, and Noranah Hicks (Class of 1995), seated near the window on the left. Fall 1996. ",,,,,1996,,,,,,,,,,,,,,,,,,,,,,,,,,,,,,,
dg_1776271365,"Performance, 1996",,Student Activities (1980s-1990s),image,,,,,Student_Activities_Slides_011.tif,,"RG-R, Series 6, Box 54, Folder 2",,,,Students | Music ,,"Performer talks with three students. Zelma Gonzalez (Class of 1997), the student in the blue shirt on the right side of the image, participates in a campus activity with fellow students, 1996.",,,,,1996,,,,,,,,,,,,,,,,,,,,,,,,,,,,,,,