objectid,originating_system_id,original_file_name,short_filename,sort_index,parentid,admin_notes,title,interviewer,interviewee,date,description,subject,people,location,latitude,longitude,source,identifier,type,format,language,rights,rightsstatement,display_template,WORKSPACE1,WORKSPACE2,WORKSPACE3,object_location,image_small,image_thumb,image_alt_text,object_transcript,coverage,creator,publisher,relation
re26_dg_1782241310,1956,1956_001.tif,,,,,"Students at book store mailroom, 1956",,,1956,"A group of students pick up mail from home at the book store mailroom, 1956.",Student life,,,,,,,image,photograph,,,,image,,,,https://dgobjects.blob.core.windows.net/objs/re26/re26_dg_1782241310.tif,https://dgobjects.blob.core.windows.net/smalls/re26/re26_dg_1782241310_SMALL.jpg,https://dgobjects.blob.core.windows.net/thumbs/re26/re26_dg_1782241310_TN.jpg,,,,,,
re26_dg_1782241311,1956,1956_002.tif,,,,,"House Party, 1955, Photograph 2",,,1955,"A group of unidentified students dance in pairs at a house party, 1955. ",Student life,,,,,,,image,photograph,,,,image,,,,https://dgobjects.blob.core.windows.net/objs/re26/re26_dg_1782241311.tif,https://dgobjects.blob.core.windows.net/smalls/re26/re26_dg_1782241311_SMALL.jpg,https://dgobjects.blob.core.windows.net/thumbs/re26/re26_dg_1782241311_TN.jpg,,,,,,
re26_dg_1782241312,1956,1956_003.tif,,,,,"Three students sit on a couch in a backyard, 1956",,,1956,"Three unidentified students, 2 men and 1 woman, sit on a couch on a lawn in front of a tree, 1956.",Student life,,,,,,,image,photograph,,,,image,,,,https://dgobjects.blob.core.windows.net/objs/re26/re26_dg_1782241312.tif,https://dgobjects.blob.core.windows.net/smalls/re26/re26_dg_1782241312_SMALL.jpg,https://dgobjects.blob.core.windows.net/thumbs/re26/re26_dg_1782241312_TN.jpg,,,,,,
re26_dg_1782241313,1956,1956_005.tif,,,,,"Unidentified Student Group in Lounge Area, 1956",,,1956,"Six unidentified students sit in front of a fireplace in a lounge, 1956.",Student life,,,,,,,image,photograph,,,,image,,,,https://dgobjects.blob.core.windows.net/objs/re26/re26_dg_1782241313.tif,https://dgobjects.blob.core.windows.net/smalls/re26/re26_dg_1782241313_SMALL.jpg,https://dgobjects.blob.core.windows.net/thumbs/re26/re26_dg_1782241313_TN.jpg,,,,,,
re26_dg_1782241314,1956,1956_006.tif,,,,,"Orchesis Performance, 1956",,,1956,"A line of dancers in the dance group Orchesis do the can-can in a gymnasium, 1956.",Orchesis ,,,,,,,image,photograph,,,,image,,,,https://dgobjects.blob.core.windows.net/objs/re26/re26_dg_1782241314.tif,https://dgobjects.blob.core.windows.net/smalls/re26/re26_dg_1782241314_SMALL.jpg,https://dgobjects.blob.core.windows.net/thumbs/re26/re26_dg_1782241314_TN.jpg,,,,,,
re26_dg_1782241315,1956,1956_007.tif,,,,,"Student Union, 1956, Photograph 3",,,1956,"A view of the Student Union, groups of students sit at tables and booths, talking and eating, 1956.",Student life,,,,,,,image,photograph,,,,image,,,,https://dgobjects.blob.core.windows.net/objs/re26/re26_dg_1782241315.tif,https://dgobjects.blob.core.windows.net/smalls/re26/re26_dg_1782241315_SMALL.jpg,https://dgobjects.blob.core.windows.net/thumbs/re26/re26_dg_1782241315_TN.jpg,,,,,,
re26_dg_1782241316,1956,1956_008.tif,,,,,"Boar's Head Dinner, 1955, Photograph 2",,,1955,A scene from the Boar's Head dinner - a student dressed as a gladiator duels with a student dressed as a monster(?) A student dressed as an old man cowers next to a table in the middle between them.,Student life,,,,,,,image,photograph,,,,image,,,,https://dgobjects.blob.core.windows.net/objs/re26/re26_dg_1782241316.tif,https://dgobjects.blob.core.windows.net/smalls/re26/re26_dg_1782241316_SMALL.jpg,https://dgobjects.blob.core.windows.net/thumbs/re26/re26_dg_1782241316_TN.jpg,,,,,,
re26_dg_1782241317,1956,1956_009.tif,,,,,"House Party, 1955, Photograph 3",,,1955,"Two students on the far left stand next to a big cut-out of a man, one student poses crouched underneath the cutot as another student holds her hand.",Student life,,,,,,,image,photograph,,,,image,,,,https://dgobjects.blob.core.windows.net/objs/re26/re26_dg_1782241317.tif,https://dgobjects.blob.core.windows.net/smalls/re26/re26_dg_1782241317_SMALL.jpg,https://dgobjects.blob.core.windows.net/thumbs/re26/re26_dg_1782241317_TN.jpg,,,,,,
re26_dg_1782241318,1956,1956_010.tif,,,,,"Student Council Convention, 1956, Photograph 3",,,1956,"A group of students in striped shirts and with a can on a string tied around their necks talk with their hands out in front of them, as some other students watch. Around then, students converse and hold signs.",Student life,,,,,,,image,photograph,,,,image,,,,https://dgobjects.blob.core.windows.net/objs/re26/re26_dg_1782241318.tif,https://dgobjects.blob.core.windows.net/smalls/re26/re26_dg_1782241318_SMALL.jpg,https://dgobjects.blob.core.windows.net/thumbs/re26/re26_dg_1782241318_TN.jpg,,,,,,
re26_dg_1782241319,1956,1956_011.tif,,,,,"Two students at Arbor Lake, 1955",,,1955,"Two students, pose at Arbor Lake in front of a wooden building. One student leans against a tree while the other props themselves up on the tree, their arm outstretched next to the tree-leaning student.",Student life,,,,,,,image,photograph,,,,image,,,,https://dgobjects.blob.core.windows.net/objs/re26/re26_dg_1782241319.tif,https://dgobjects.blob.core.windows.net/smalls/re26/re26_dg_1782241319_SMALL.jpg,https://dgobjects.blob.core.windows.net/thumbs/re26/re26_dg_1782241319_TN.jpg,,,,,,
re26_dg_1782241320,1956,1956_012.tif,,,,,"Five students in a drama production, 1955",,,1955,"Five students perform in a theater production, one on all fours in armor looks up at a student wearing a big robe. Three other students wearing togas hold paddles and look down and the student on all fours.",Student life,,,,,,,image,photograph,,,,image,,,,https://dgobjects.blob.core.windows.net/objs/re26/re26_dg_1782241320.tif,https://dgobjects.blob.core.windows.net/smalls/re26/re26_dg_1782241320_SMALL.jpg,https://dgobjects.blob.core.windows.net/thumbs/re26/re26_dg_1782241320_TN.jpg,,,,,,
re26_dg_1782241321,1956,1956_013.tif,,,,,"Two students at an all-campus picnic, 1955",,,1955,"Two students sit on the grass at an All Student Picnic, eating off of paper plates. Behind them are other students in groups.",Student life,,,,,,,image,photograph,,,,image,,,,https://dgobjects.blob.core.windows.net/objs/re26/re26_dg_1782241321.tif,https://dgobjects.blob.core.windows.net/smalls/re26/re26_dg_1782241321_SMALL.jpg,https://dgobjects.blob.core.windows.net/thumbs/re26/re26_dg_1782241321_TN.jpg,,,,,,
re26_dg_1782241322,1956,1956_014.tif,,,,,"House party, 1955, Photograph 4",,,1955,"Students in nice outfits (dresses, suits) and nametags stand around a table and get refreshments, little snacks and punch, from two women sitting and ladling it out.",Student life,,,,,,,image,photograph,,,,image,,,,https://dgobjects.blob.core.windows.net/objs/re26/re26_dg_1782241322.tif,https://dgobjects.blob.core.windows.net/smalls/re26/re26_dg_1782241322_SMALL.jpg,https://dgobjects.blob.core.windows.net/thumbs/re26/re26_dg_1782241322_TN.jpg,,,,,,
re26_dg_1782241323,1956,1956_015.tif,,,,,"""Lark of the Moon"" drama production, 1955",,,1955,"Six students rehearse for a theatre production. Two sit on the ground, in a protective stance, flanking a central figure who appears menacing. Three stand behind in contrapposto, with the right arms up behind them. A seventh figure stands to the side, watching with a towel wrapped around their neck.",Student life,,,,,,,image,photograph,,,,image,,,,https://dgobjects.blob.core.windows.net/objs/re26/re26_dg_1782241323.tif,https://dgobjects.blob.core.windows.net/smalls/re26/re26_dg_1782241323_SMALL.jpg,https://dgobjects.blob.core.windows.net/thumbs/re26/re26_dg_1782241323_TN.jpg,,,,,,
re26_dg_1782241324,1956,1956_016.tif,,,,,"Two students play checkers at a round table, 1956",,,1956,"Two students sit at a round table across from each other, playing checkers. They rest their chins in their hands, looking down at the board seriously",Student life,,,,,,,image,photograph,,,,image,,,,https://dgobjects.blob.core.windows.net/objs/re26/re26_dg_1782241324.tif,https://dgobjects.blob.core.windows.net/smalls/re26/re26_dg_1782241324_SMALL.jpg,https://dgobjects.blob.core.windows.net/thumbs/re26/re26_dg_1782241324_TN.jpg,,,,,,
re26_dg_1782241325,1956,1956_017.tif,,,,,"Seniors prepare to leave for annual class picnic in college station wagons, 1956",,,1956,"A group of students stands inside and between two parked station wagons - two sit in the trunk of the left one, five students stand and talk between, and one sits in the back row of the right one while the last one stands next to them, back turned to camera.",Student life,,,,,,,image,photograph,,,,image,,,,https://dgobjects.blob.core.windows.net/objs/re26/re26_dg_1782241325.tif,https://dgobjects.blob.core.windows.net/smalls/re26/re26_dg_1782241325_SMALL.jpg,https://dgobjects.blob.core.windows.net/thumbs/re26/re26_dg_1782241325_TN.jpg,,,,,,
re26_dg_1782241326,1956,1956_018.tif,,,,,"Pie eating contest, Spring Day 1956",,,1956,"Six individuals stand in the middle of the street on some sort of stadium, with a microphone in front of them. Two of them are eating pie as another person holds the pie. A man in a hat watches. People on the roof of the building behind the scene also watch.",Student life,,,,,,,image,photograph,,,,image,,,,https://dgobjects.blob.core.windows.net/objs/re26/re26_dg_1782241326.tif,https://dgobjects.blob.core.windows.net/smalls/re26/re26_dg_1782241326_SMALL.jpg,https://dgobjects.blob.core.windows.net/thumbs/re26/re26_dg_1782241326_TN.jpg,,,,,,
re26_dg_1782241327,20160817ipop,20160817ipop015.jpg,,,,,,,,,,,,,,,,,,image/jpeg,,,,image,,,,https://dgobjects.blob.core.windows.net/objs/re26/re26_dg_1782241327.jpg,https://dgobjects.blob.core.windows.net/smalls/re26/re26_dg_1782241327_SMALL.jpg,https://dgobjects.blob.core.windows.net/thumbs/re26/re26_dg_1782241327_TN.jpg,,,,,,
re26_dg_1782241328,20160817ipop,20160817ipop098.jpg,,,,,,,,,,,,,,,,,,image/jpeg,,,,image,,,,https://dgobjects.blob.core.windows.net/objs/re26/re26_dg_1782241328.jpg,https://dgobjects.blob.core.windows.net/smalls/re26/re26_dg_1782241328_SMALL.jpg,https://dgobjects.blob.core.windows.net/thumbs/re26/re26_dg_1782241328_TN.jpg,,,,,,
re26_dg_1782241329,20160817ipop,20160817ipop134.jpg,,,,,,,,,,,,,,,,,,image/jpeg,,,,image,,,,https://dgobjects.blob.core.windows.net/objs/re26/re26_dg_1782241329.jpg,https://dgobjects.blob.core.windows.net/smalls/re26/re26_dg_1782241329_SMALL.jpg,https://dgobjects.blob.core.windows.net/thumbs/re26/re26_dg_1782241329_TN.jpg,,,,,,
re26_dg_1782241330,20160818nsoJT,20160818nsoJT05.jpg,,,,,,,,,,,,,,,,,,image/jpeg,,,,image,,,,https://dgobjects.blob.core.windows.net/objs/re26/re26_dg_1782241330.jpg,https://dgobjects.blob.core.windows.net/smalls/re26/re26_dg_1782241330_SMALL.jpg,https://dgobjects.blob.core.windows.net/thumbs/re26/re26_dg_1782241330_TN.jpg,,,,,,
re26_dg_1782241331,20160818nsoJT,20160818nsoJT06.jpg,,,,,,,,,,,,,,,,,,image/jpeg,,,,image,,,,https://dgobjects.blob.core.windows.net/objs/re26/re26_dg_1782241331.jpg,https://dgobjects.blob.core.windows.net/smalls/re26/re26_dg_1782241331_SMALL.jpg,https://dgobjects.blob.core.windows.net/thumbs/re26/re26_dg_1782241331_TN.jpg,,,,,,
re26_dg_1782241332,20160819movein,20160819movein175.jpg,,,,,,,,,,,,,,,,,,image/jpeg,,,,image,,,,https://dgobjects.blob.core.windows.net/objs/re26/re26_dg_1782241332.jpg,https://dgobjects.blob.core.windows.net/smalls/re26/re26_dg_1782241332_SMALL.jpg,https://dgobjects.blob.core.windows.net/thumbs/re26/re26_dg_1782241332_TN.jpg,,,,,,
re26_dg_1782241333,20160819movein,20160819movein236.jpg,,,,,,,,,,,,,,,,,,image/jpeg,,,,image,,,,https://dgobjects.blob.core.windows.net/objs/re26/re26_dg_1782241333.jpg,https://dgobjects.blob.core.windows.net/smalls/re26/re26_dg_1782241333_SMALL.jpg,https://dgobjects.blob.core.windows.net/thumbs/re26/re26_dg_1782241333_TN.jpg,,,,,,
re26_dg_1782241334,20160819movein,20160819movein301.jpg,,,,,,,,,,,,,,,,,,image/jpeg,,,,image,,,,https://dgobjects.blob.core.windows.net/objs/re26/re26_dg_1782241334.jpg,https://dgobjects.blob.core.windows.net/smalls/re26/re26_dg_1782241334_SMALL.jpg,https://dgobjects.blob.core.windows.net/thumbs/re26/re26_dg_1782241334_TN.jpg,,,,,,
re26_dg_1782241335,20160819movein,20160819movein310.jpg,,,,,,,,,,,,,,,,,,image/jpeg,,,,image,,,,https://dgobjects.blob.core.windows.net/objs/re26/re26_dg_1782241335.jpg,https://dgobjects.blob.core.windows.net/smalls/re26/re26_dg_1782241335_SMALL.jpg,https://dgobjects.blob.core.windows.net/thumbs/re26/re26_dg_1782241335_TN.jpg,,,,,,
re26_dg_1782241336,20160823nsoJT,20160823nsoJT08.jpg,,,,,,,,,,,,,,,,,,image/jpeg,,,,image,,,,https://dgobjects.blob.core.windows.net/objs/re26/re26_dg_1782241336.jpg,https://dgobjects.blob.core.windows.net/smalls/re26/re26_dg_1782241336_SMALL.jpg,https://dgobjects.blob.core.windows.net/thumbs/re26/re26_dg_1782241336_TN.jpg,,,,,,
re26_dg_1782241337,20160823nsoJT,20160823nsoJT11.jpg,,,,,,,,,,,,,,,,,,image/jpeg,,,,image,,,,https://dgobjects.blob.core.windows.net/objs/re26/re26_dg_1782241337.jpg,https://dgobjects.blob.core.windows.net/smalls/re26/re26_dg_1782241337_SMALL.jpg,https://dgobjects.blob.core.windows.net/thumbs/re26/re26_dg_1782241337_TN.jpg,,,,,,
re26_dg_1782241338,20160823nsoJT,20160823nsoJT13.jpg,,,,,,,,,,,,,,,,,,image/jpeg,,,,image,,,,https://dgobjects.blob.core.windows.net/objs/re26/re26_dg_1782241338.jpg,https://dgobjects.blob.core.windows.net/smalls/re26/re26_dg_1782241338_SMALL.jpg,https://dgobjects.blob.core.windows.net/thumbs/re26/re26_dg_1782241338_TN.jpg,,,,,,
re26_dg_1782241339,20160824medallion,20160824medallion320.jpg,,,,,,,,,,,,,,,,,,image/jpeg,,,,image,,,,https://dgobjects.blob.core.windows.net/objs/re26/re26_dg_1782241339.jpg,https://dgobjects.blob.core.windows.net/smalls/re26/re26_dg_1782241339_SMALL.jpg,https://dgobjects.blob.core.windows.net/thumbs/re26/re26_dg_1782241339_TN.jpg,,,,,,
re26_dg_1782241340,20190125.athletics.basketball.,20190125.athletics.basketball.0319.jpg,,,,,,,,,,,,,,,,,,image/jpeg,,,,image,,,,https://dgobjects.blob.core.windows.net/objs/re26/re26_dg_1782241340.jpg,https://dgobjects.blob.core.windows.net/smalls/re26/re26_dg_1782241340_SMALL.jpg,https://dgobjects.blob.core.windows.net/thumbs/re26/re26_dg_1782241340_TN.jpg,,,,,,
re26_dg_1782241341,20190907.athletics.vb.,20190907.athletics.vb.0525.JPG,,,,,,,,,,,,,,,,,,image/jpeg,,,,image,,,,https://dgobjects.blob.core.windows.net/objs/re26/re26_dg_1782241341.JPG,https://dgobjects.blob.core.windows.net/smalls/re26/re26_dg_1782241341_SMALL.jpg,https://dgobjects.blob.core.windows.net/thumbs/re26/re26_dg_1782241341_TN.jpg,,,,,,
re26_dg_1782241342,20190907.athletics.wsoc.,20190907.athletics.wsoc.0482.JPG,,,,,,,,,,,,,,,,,,image/jpeg,,,,image,,,,https://dgobjects.blob.core.windows.net/objs/re26/re26_dg_1782241342.JPG,https://dgobjects.blob.core.windows.net/smalls/re26/re26_dg_1782241342_SMALL.jpg,https://dgobjects.blob.core.windows.net/thumbs/re26/re26_dg_1782241342_TN.jpg,,,,,,
re26_dg_1782241343,20190916.msoc.,20190916.msoc.264.JPG,,,,,,,,,,,,,,,,,,image/jpeg,,,,image,,,,https://dgobjects.blob.core.windows.net/objs/re26/re26_dg_1782241343.JPG,https://dgobjects.blob.core.windows.net/smalls/re26/re26_dg_1782241343_SMALL.jpg,https://dgobjects.blob.core.windows.net/thumbs/re26/re26_dg_1782241343_TN.jpg,,,,,,
re26_dg_1782241344,20190916.msoc.,20190916.msoc.474.JPG,,,,,,,,,,,,,,,,,,image/jpeg,,,,image,,,,https://dgobjects.blob.core.windows.net/objs/re26/re26_dg_1782241344.JPG,https://dgobjects.blob.core.windows.net/smalls/re26/re26_dg_1782241344_SMALL.jpg,https://dgobjects.blob.core.windows.net/thumbs/re26/re26_dg_1782241344_TN.jpg,,,,,,
re26_dg_1782241345,20190920.Ladies,20190920.Ladies-11.jpg,,,,,,,,,,,,,,,,,,image/jpeg,,,,image,,,,https://dgobjects.blob.core.windows.net/objs/re26/re26_dg_1782241345.jpg,https://dgobjects.blob.core.windows.net/smalls/re26/re26_dg_1782241345_SMALL.jpg,https://dgobjects.blob.core.windows.net/thumbs/re26/re26_dg_1782241345_TN.jpg,,,,,,
re26_dg_1782241346,20190920.Ladies,20190920.Ladies-12.jpg,,,,,,,,,,,,,,,,,,image/jpeg,,,,image,,,,https://dgobjects.blob.core.windows.net/objs/re26/re26_dg_1782241346.jpg,https://dgobjects.blob.core.windows.net/smalls/re26/re26_dg_1782241346_SMALL.jpg,https://dgobjects.blob.core.windows.net/thumbs/re26/re26_dg_1782241346_TN.jpg,,,,,,
re26_dg_1782241347,20190927.hssc.atrium.,20190927.hssc.atrium.002.JPG,,,,,,,,,,,,,,,,,,image/jpeg,,,,image,,,,https://dgobjects.blob.core.windows.net/objs/re26/re26_dg_1782241347.JPG,https://dgobjects.blob.core.windows.net/smalls/re26/re26_dg_1782241347_SMALL.jpg,https://dgobjects.blob.core.windows.net/thumbs/re26/re26_dg_1782241347_TN.jpg,,,,,,
re26_dg_1782241348,20191214.Vietnamese.Food.Event,20191214.Vietnamese.Food.Event17.jpg,,,,,,,,,,,,,,,,,,image/jpeg,,,,image,,,,https://dgobjects.blob.core.windows.net/objs/re26/re26_dg_1782241348.jpg,https://dgobjects.blob.core.windows.net/smalls/re26/re26_dg_1782241348_SMALL.jpg,https://dgobjects.blob.core.windows.net/thumbs/re26/re26_dg_1782241348_TN.jpg,,,,,,
re26_dg_1782241349,20200319.DragShow.,20200319.DragShow.1128.JPG,,,,,,,,,,,,,,,,,,image/jpeg,,,,image,,,,https://dgobjects.blob.core.windows.net/objs/re26/re26_dg_1782241349.JPG,https://dgobjects.blob.core.windows.net/smalls/re26/re26_dg_1782241349_SMALL.jpg,https://dgobjects.blob.core.windows.net/thumbs/re26/re26_dg_1782241349_TN.jpg,,,,,,
re26_dg_1782247938,201911104.anthro.marshack.,201911104.anthro.marshack.134.JPG,,,,,,,,,,,,,,,,,,image/jpeg,,,,image,,,,https://dgobjects.blob.core.windows.net/objs/re26/re26_dg_1782247938.JPG,https://dgobjects.blob.core.windows.net/smalls/re26/re26_dg_1782247938_SMALL.jpg,https://dgobjects.blob.core.windows.net/thumbs/re26/re26_dg_1782247938_TN.jpg,,,,,,
re26_dg_1782247939,201911106.Hanson.poll.data.class.,201911106.Hanson.poll.data.class.203.JPG,,,,,,,,,,,,,,,,,,image/jpeg,,,,image,,,,https://dgobjects.blob.core.windows.net/objs/re26/re26_dg_1782247939.JPG,https://dgobjects.blob.core.windows.net/smalls/re26/re26_dg_1782247939_SMALL.jpg,https://dgobjects.blob.core.windows.net/thumbs/re26/re26_dg_1782247939_TN.jpg,,,,,,
re26_dg_1782247940,20210528.commencement.,20210528.commencement.0558.jpg,,,,,,,,,,,,,,,,,,image/jpeg,,,,image,,,,https://dgobjects.blob.core.windows.net/objs/re26/re26_dg_1782247940.jpg,https://dgobjects.blob.core.windows.net/smalls/re26/re26_dg_1782247940_SMALL.jpg,https://dgobjects.blob.core.windows.net/thumbs/re26/re26_dg_1782247940_TN.jpg,,,,,,
re26_dg_1782247941,20210528.commencement.,20210528.commencement.0615.jpg,,,,,,,,,,,,,,,,,,image/jpeg,,,,image,,,,https://dgobjects.blob.core.windows.net/objs/re26/re26_dg_1782247941.jpg,https://dgobjects.blob.core.windows.net/smalls/re26/re26_dg_1782247941_SMALL.jpg,https://dgobjects.blob.core.windows.net/thumbs/re26/re26_dg_1782247941_TN.jpg,,,,,,
re26_dg_1782247942,20210528.commencement.,20210528.commencement.0660.jpg,,,,,,,,,,,,,,,,,,image/jpeg,,,,image,,,,https://dgobjects.blob.core.windows.net/objs/re26/re26_dg_1782247942.jpg,https://dgobjects.blob.core.windows.net/smalls/re26/re26_dg_1782247942_SMALL.jpg,https://dgobjects.blob.core.windows.net/thumbs/re26/re26_dg_1782247942_TN.jpg,,,,,,
re26_dg_1782247943,20210528.commencement.,20210528.commencement.0695.jpg,,,,,,,,,,,,,,,,,,image/jpeg,,,,image,,,,https://dgobjects.blob.core.windows.net/objs/re26/re26_dg_1782247943.jpg,https://dgobjects.blob.core.windows.net/smalls/re26/re26_dg_1782247943_SMALL.jpg,https://dgobjects.blob.core.windows.net/thumbs/re26/re26_dg_1782247943_TN.jpg,,,,,,
re26_dg_1782247944,20210528.commencement.,20210528.commencement.0716.jpg,,,,,,,,,,,,,,,,,,image/jpeg,,,,image,,,,https://dgobjects.blob.core.windows.net/objs/re26/re26_dg_1782247944.jpg,https://dgobjects.blob.core.windows.net/smalls/re26/re26_dg_1782247944_SMALL.jpg,https://dgobjects.blob.core.windows.net/thumbs/re26/re26_dg_1782247944_TN.jpg,,,,,,
re26_dg_1782247945,20210528.commencement.,20210528.commencement.0724.jpg,,,,,,,,,,,,,,,,,,image/jpeg,,,,image,,,,https://dgobjects.blob.core.windows.net/objs/re26/re26_dg_1782247945.jpg,https://dgobjects.blob.core.windows.net/smalls/re26/re26_dg_1782247945_SMALL.jpg,https://dgobjects.blob.core.windows.net/thumbs/re26/re26_dg_1782247945_TN.jpg,,,,,,
re26_dg_1782247946,BOTfall2019ppt,BOTfall2019ppt035.JPG,,,,,,,,,,,,,,,,,,image/jpeg,,,,image,,,,https://dgobjects.blob.core.windows.net/objs/re26/re26_dg_1782247946.JPG,https://dgobjects.blob.core.windows.net/smalls/re26/re26_dg_1782247946_SMALL.jpg,https://dgobjects.blob.core.windows.net/thumbs/re26/re26_dg_1782247946_TN.jpg,,,,,,
re26_dg_1782247970,DSCF,DSCF1620.jpg,,,,,"Food Bazaar, 2015, Photograph 3",,,2015,"A group of people pose for a photo during Food Bazaar in Harris Concert Hall, 2015.",Student Life,,,,,,,image,photograph,,,,image,,,,https://dgobjects.blob.core.windows.net/objs/re26/re26_dg_1782247970.jpg,https://dgobjects.blob.core.windows.net/smalls/re26/re26_dg_1782247970_SMALL.jpg,https://dgobjects.blob.core.windows.net/thumbs/re26/re26_dg_1782247970_TN.jpg,,,,,,"Student Life, 2015"
re26_dg_1782247971,DSCF,DSCF1622.jpg,,,,,"Food Bazaar, 2015, Photograph 2",,,2015,"Two students pose at their seats during Food Bazaar in Harris Concert Hall, 2015.",Student Life,,,,,,,image,photograph,,,,image,,,,https://dgobjects.blob.core.windows.net/objs/re26/re26_dg_1782247971.jpg,https://dgobjects.blob.core.windows.net/smalls/re26/re26_dg_1782247971_SMALL.jpg,https://dgobjects.blob.core.windows.net/thumbs/re26/re26_dg_1782247971_TN.jpg,,,,,,"Student Life, 2015"
re26_dg_1782247972,DSCF,DSCF2585.jpg,,,,,"Food Bazaar, 2015, Photograph 1",,,2015,"A group of students eat at Food Bazaar in Harris Concert Hall. Beau B. (Class of 2016) is the student wearing green glasses near the center of the image, talks with fellow students at a crowded dining table, 2015.",Student Life,,,,,,,image,photograph,,,,image,,,,https://dgobjects.blob.core.windows.net/objs/re26/re26_dg_1782247972.jpg,https://dgobjects.blob.core.windows.net/smalls/re26/re26_dg_1782247972_SMALL.jpg,https://dgobjects.blob.core.windows.net/thumbs/re26/re26_dg_1782247972_TN.jpg,,,,,,"Student Life, 2015"
re26_dg_1782247973,DSCF,DSCF2861.jpg,,,,,Group of Students,,,2015,"Eleven students pose around a couch in formal party attire in unidentified north campus dorm lounge. Jarren Santo (Class of 2017) is standing at the second place from the right. Bailey Dunn is seated at the forth from the right, 2015.",Student Life,,,,,,,image,photograph,,,,image,,,,https://dgobjects.blob.core.windows.net/objs/re26/re26_dg_1782247973.jpg,https://dgobjects.blob.core.windows.net/smalls/re26/re26_dg_1782247973_SMALL.jpg,https://dgobjects.blob.core.windows.net/thumbs/re26/re26_dg_1782247973_TN.jpg,,,,Justin Hayworth,,"Student Life, 2015"
re26_dg_1782247974,DSCF,DSCF2948.jpg,,,,,"Origami Event, Photograph 4",,,2015,"Student sits at table folding orgami paper with event blurred in background, 2015.",Student Life,,,,,,,image,photograph,,,,image,,,,https://dgobjects.blob.core.windows.net/objs/re26/re26_dg_1782247974.jpg,https://dgobjects.blob.core.windows.net/smalls/re26/re26_dg_1782247974_SMALL.jpg,https://dgobjects.blob.core.windows.net/thumbs/re26/re26_dg_1782247974_TN.jpg,,,,Justin Hayworth,,"Student Life, 2015"
re26_dg_1782247975,DSCF,DSCF2952.jpg,,,,,"Origami Event, Photograph 3",,,2015,"Student poses smiling with orgami swan with Joe Rosenfield Center blurred in background, 2015.",Student Life,,,,,,,image,photograph,,,,image,,,,https://dgobjects.blob.core.windows.net/objs/re26/re26_dg_1782247975.jpg,https://dgobjects.blob.core.windows.net/smalls/re26/re26_dg_1782247975_SMALL.jpg,https://dgobjects.blob.core.windows.net/thumbs/re26/re26_dg_1782247975_TN.jpg,,,,Justin Hayworth,,"Student Life, 2015"
re26_dg_1782247976,DSCF,DSCF2961.jpg,,,,,"Origami Event, Photograph 2",,,2015,"Two students on the right, one holding orgami paper with two more students in background, 2015.",Student Life,,,,,,,image,photograph,,,,image,,,,https://dgobjects.blob.core.windows.net/objs/re26/re26_dg_1782247976.jpg,https://dgobjects.blob.core.windows.net/smalls/re26/re26_dg_1782247976_SMALL.jpg,https://dgobjects.blob.core.windows.net/thumbs/re26/re26_dg_1782247976_TN.jpg,,,,Justin Hayworth,,"Student Life, 2015"
re26_dg_1782247977,DSCF,DSCF2962.jpg,,,,,"Origami Event, Photograph 1",,,2015,"Student sits posed smiling with orgami swan with event blurred in background, 2015.",Student Life,,,,,,,image,photograph,,,,image,,,,https://dgobjects.blob.core.windows.net/objs/re26/re26_dg_1782247977.jpg,https://dgobjects.blob.core.windows.net/smalls/re26/re26_dg_1782247977_SMALL.jpg,https://dgobjects.blob.core.windows.net/thumbs/re26/re26_dg_1782247977_TN.jpg,,,,Justin Hayworth,,"Student Life, 2015"
re26_dg_1782247986,ISOreal,ISOreal-5.jpg,,,,,"Origami Event, Photograph 5",,,2015,"Three students sit at table folding orgami paper with event in background, 2015.",Student Life,,,,,,,image,photograph,,,,image,,,,https://dgobjects.blob.core.windows.net/objs/re26/re26_dg_1782247986.jpg,https://dgobjects.blob.core.windows.net/smalls/re26/re26_dg_1782247986_SMALL.jpg,https://dgobjects.blob.core.windows.net/thumbs/re26/re26_dg_1782247986_TN.jpg,,,,Justin Hayworth,,"Student Life, 2015"
re26_dg_1782247989,JD6_0011-Web,JD6_0011-Web.jpg,,,,,"Students on a Tour, 2015, Photograph 1",,,2015,"Students stand in a freight elevator wearing hard hats, 2015.",Student Life,,,,,,,image,photograph,,,,image,,,,https://dgobjects.blob.core.windows.net/objs/re26/re26_dg_1782247989.jpg,https://dgobjects.blob.core.windows.net/smalls/re26/re26_dg_1782247989_SMALL.jpg,https://dgobjects.blob.core.windows.net/thumbs/re26/re26_dg_1782247989_TN.jpg,,,,John Brady Photography,,"Student Life, 2015"
re26_dg_1782247993,JD6_9583-Web,JD6_9583-Web.jpg,,,,,"Students with Snowman, 2015",,,2015,"Two students pose for a photograph with a snowman, one on each side with the left student holding thumbs up, 2015.",Student Life,,,,,,,image,photograph,,,,image,,,,https://dgobjects.blob.core.windows.net/objs/re26/re26_dg_1782247993.jpg,https://dgobjects.blob.core.windows.net/smalls/re26/re26_dg_1782247993_SMALL.jpg,https://dgobjects.blob.core.windows.net/thumbs/re26/re26_dg_1782247993_TN.jpg,,,,John Brady Photography,,"Student Life, 2015"
re26_dg_1782247994,JD6_9635-Web,JD6_9635-Web.jpg,,,,,"Student Juggling Snowballs, 2015",,,2015,"Student juggling snowballs in a driveway, 2015.",Student Life,,,,,,,image,photograph,,,,image,,,,https://dgobjects.blob.core.windows.net/objs/re26/re26_dg_1782247994.jpg,https://dgobjects.blob.core.windows.net/smalls/re26/re26_dg_1782247994_SMALL.jpg,https://dgobjects.blob.core.windows.net/thumbs/re26/re26_dg_1782247994_TN.jpg,,,,John Brady Photography,,"Student Life, 2015"
re26_dg_1782247995,JD6_9979-Web,JD6_9979-Web.jpg,,,,,"Students on a Tour, 2015, Photograph 2",,,2015,"Students listen to a tour guide in industrial environment, 2015.",Student Life,,,,,,,image,photograph,,,,image,,,,https://dgobjects.blob.core.windows.net/objs/re26/re26_dg_1782247995.jpg,https://dgobjects.blob.core.windows.net/smalls/re26/re26_dg_1782247995_SMALL.jpg,https://dgobjects.blob.core.windows.net/thumbs/re26/re26_dg_1782247995_TN.jpg,,,,John Brady Photography,,"Student Life, 2015"
re26_dg_1782248049,diwali,diwali-39.jpg,,,,,"Diwali Celebration, 2015, Photograph 2",,,2015,This photograph was taken in Harris Concert Hall in 2015. This is a Diwali celebration South Asian cultural event.,Student Life,,,,,,,image,photograph,,,,image,,,,https://dgobjects.blob.core.windows.net/objs/re26/re26_dg_1782248049.jpg,https://dgobjects.blob.core.windows.net/smalls/re26/re26_dg_1782248049_SMALL.jpg,https://dgobjects.blob.core.windows.net/thumbs/re26/re26_dg_1782248049_TN.jpg,,,,Justin Hayworth,,"Student Life, 2015"
re26_dg_1782248050,diwali,diwali-42.jpg,,,,,"Diwali Celebration, 2015, Photograph 1",,,2015,"Four students dance in cultural attire for Diwali celebrations in the Harris Concert Hall, 2015.",Student Life,,,,,,,image,photograph,,,,image,,,,https://dgobjects.blob.core.windows.net/objs/re26/re26_dg_1782248050.jpg,https://dgobjects.blob.core.windows.net/smalls/re26/re26_dg_1782248050_SMALL.jpg,https://dgobjects.blob.core.windows.net/thumbs/re26/re26_dg_1782248050_TN.jpg,,,,Justin Hayworth,,"Student Life, 2015"
re26_dg_1782248051,winter20BOTslides.,winter20BOTslides.39.JPG,,,,,,,,,,,,,,,,,,image/jpeg,,,,image,,,,https://dgobjects.blob.core.windows.net/objs/re26/re26_dg_1782248051.JPG,https://dgobjects.blob.core.windows.net/smalls/re26/re26_dg_1782248051_SMALL.jpg,https://dgobjects.blob.core.windows.net/thumbs/re26/re26_dg_1782248051_TN.jpg,,,,,,
re26_dg_1782248052,winter20BOTslides.,winter20BOTslides.51.JPG,,,,,,,,,,,,,,,,,,image/jpeg,,,,image,,,,https://dgobjects.blob.core.windows.net/objs/re26/re26_dg_1782248052.JPG,https://dgobjects.blob.core.windows.net/smalls/re26/re26_dg_1782248052_SMALL.jpg,https://dgobjects.blob.core.windows.net/thumbs/re26/re26_dg_1782248052_TN.jpg,,,,,,
re26_dg_1782247947,Cheerleaders,Cheerleaders_1962.tif,,,,,"Cheerleaders, 1962",,,1962,"Six students pose outdoors wearing matching sweaters. Pam Drews is standing at the upper left of the group. Abby is standing at the upper right of the group. Jo Riley is standing at the center left of the group. Sharon Miller is standing at the center right of the group. Becky Retz Neal is seated at the front center of the group, 1962.",Students | Cheerleading,,,,,,,image,photograph,,,,image,,,,https://dgobjects.blob.core.windows.net/objs/re26/re26_dg_1782247947.tif,https://dgobjects.blob.core.windows.net/smalls/re26/re26_dg_1782247947_SMALL.jpg,https://dgobjects.blob.core.windows.net/thumbs/re26/re26_dg_1782247947_TN.jpg,,,,,,
re26_dg_1782247948,Commencement-1976-Photograp26,Commencement-1976-Photograp26_001.tif,,,,,"Commencement, 1976, Photograph 26",,,,"Students gathered in Humanities A-G and Social Studies A-G lines during the 1976 Commencement.  May 18, 1976.",Commencement,,,,,,,image,photograph,,,,image,,,,https://dgobjects.blob.core.windows.net/objs/re26/re26_dg_1782247948.tif,https://dgobjects.blob.core.windows.net/smalls/re26/re26_dg_1782247948_SMALL.jpg,https://dgobjects.blob.core.windows.net/thumbs/re26/re26_dg_1782247948_TN.jpg,,,,Roger W McMullin Photo,,"Commencement, 1976"
re26_dg_1782247949,Commencement-1976-Photograph25,Commencement-1976-Photograph25_001.tif,,,,,"Commencement, 1976, Photograph 25",,,,"Student looking into the distance with a second person on the right at Commencement. May 18, 1976.",Commencement,,,,,,,image,photograph,,,,image,,,,https://dgobjects.blob.core.windows.net/objs/re26/re26_dg_1782247949.tif,https://dgobjects.blob.core.windows.net/smalls/re26/re26_dg_1782247949_SMALL.jpg,https://dgobjects.blob.core.windows.net/thumbs/re26/re26_dg_1782247949_TN.jpg,,,,Roger W McMullin Photo,,"Commencement, 1976"
re26_dg_1782247950,Commencement-1976-Photograph2,Commencement-1976-Photograph2_001.tif,,,,,"Commencement, 1976, Photograph 2",,,,"Crowd of undentified students and faculty at Commencemen, 1976. ",Commencement,,,,,,,image,photograph,,,,image,,,,https://dgobjects.blob.core.windows.net/objs/re26/re26_dg_1782247950.tif,https://dgobjects.blob.core.windows.net/smalls/re26/re26_dg_1782247950_SMALL.jpg,https://dgobjects.blob.core.windows.net/thumbs/re26/re26_dg_1782247950_TN.jpg,,,,Roger W McMullin Photo,,"Commencement, 1976"
re26_dg_1782247951,Commencement-1976-Photograph32,Commencement-1976-Photograph32_001.tif,,,,,"Commencement, 1976, Photograph 32",,,,"The photograph shows Sarah Megan (Class of 1976) in the Grinnell College Commencement ceremony, standing among graduates near the Science A-G procession sign.  May 18, 1976.",Commencement,,,,,,,image,photograph,,,,image,,,,https://dgobjects.blob.core.windows.net/objs/re26/re26_dg_1782247951.tif,https://dgobjects.blob.core.windows.net/smalls/re26/re26_dg_1782247951_SMALL.jpg,https://dgobjects.blob.core.windows.net/thumbs/re26/re26_dg_1782247951_TN.jpg,,,,Roger W McMullin Photo,,"Commencement, 1976"
re26_dg_1782247952,Commencement-1977-Photograph,Commencement-1977-Photograph_2.tif,,,,,"Commencement, 1977, Photograph 2",,,,Students sit on the roof of the bookstore while others stand below. Herrick Chapel is in the background. ,Commencement,,,,,,,image,photograph,,,,image,,,,https://dgobjects.blob.core.windows.net/objs/re26/re26_dg_1782247952.tif,https://dgobjects.blob.core.windows.net/smalls/re26/re26_dg_1782247952_SMALL.jpg,https://dgobjects.blob.core.windows.net/thumbs/re26/re26_dg_1782247952_TN.jpg,,,,Roger W McMullin Photo,,Commencement 1977
re26_dg_1782247953,Commencement-1977-Photograph,Commencement-1977-Photograph_21.tif,,,,,"Commencement, 1977, Photograph 21",,,,Woman sits on the backrest of a wooden folding chair with seated crowd in background. Commencement 1977. ,Commencement,,,,,,,image,photograph,,,,image,,,,https://dgobjects.blob.core.windows.net/objs/re26/re26_dg_1782247953.tif,https://dgobjects.blob.core.windows.net/smalls/re26/re26_dg_1782247953_SMALL.jpg,https://dgobjects.blob.core.windows.net/thumbs/re26/re26_dg_1782247953_TN.jpg,,,,Roger W McMullin Photo,,Commencement 1977
re26_dg_1782247954,Commencement-1985-Photograph,Commencement-1985-Photograph_18.tif,,,,,"Commencement, 1985, Photograph 18",,,1985,"Three students review a document outdoors. From left to right, the students are Anya Grundman, Jackson Wilson, and Jessica Thebus, 1985.",Commencement,,,,,,,image,photograph,,,,image,,,,https://dgobjects.blob.core.windows.net/objs/re26/re26_dg_1782247954.tif,https://dgobjects.blob.core.windows.net/smalls/re26/re26_dg_1782247954_SMALL.jpg,https://dgobjects.blob.core.windows.net/thumbs/re26/re26_dg_1782247954_TN.jpg,,,,Jack Robertson,,"Commencement, 1985"
re26_dg_1782247955,Commencement-1985-Photograph,Commencement-1985-Photograph_21.tif,,,,,"Commencement, 1985, Photograph 21",,,1985,"Kate Worcester in a crowd of other students in Graduation robes, wearing a fedora and staring into the distance, 1985.",Commencement,,,,,,,image,photograph,,,,image,,,,https://dgobjects.blob.core.windows.net/objs/re26/re26_dg_1782247955.tif,https://dgobjects.blob.core.windows.net/smalls/re26/re26_dg_1782247955_SMALL.jpg,https://dgobjects.blob.core.windows.net/thumbs/re26/re26_dg_1782247955_TN.jpg,,,,Jack Robertson,,"Commencement, 1985"
re26_dg_1782247956,Commencement-1985-Photograph,Commencement-1985-Photograph_4.tif,,,,,"Commencement, 1985, Photograph 4",,,1985,"Two women embrace, 1986.",Commencement,,,,,,,image,photograph,,,,image,,,,https://dgobjects.blob.core.windows.net/objs/re26/re26_dg_1782247956.tif,https://dgobjects.blob.core.windows.net/smalls/re26/re26_dg_1782247956_SMALL.jpg,https://dgobjects.blob.core.windows.net/thumbs/re26/re26_dg_1782247956_TN.jpg,,,,Jack Robertson,,"Commencement, 1985"
re26_dg_1782247957,Commencement-1985-Photograph,Commencement-1985-Photograph_8.tif,,,,,"Commencement, 1985, Photograph 8",,,1985,"Close up of one student blowing bubbles with second in background, 1986.",Commencement,,,,,,,image,photograph,,,,image,,,,https://dgobjects.blob.core.windows.net/objs/re26/re26_dg_1782247957.tif,https://dgobjects.blob.core.windows.net/smalls/re26/re26_dg_1782247957_SMALL.jpg,https://dgobjects.blob.core.windows.net/thumbs/re26/re26_dg_1782247957_TN.jpg,,,,Jack Robertson,,"Commencement, 1985"
re26_dg_1782247958,Commencement-1986-Photograph,Commencement-1986-Photograph_35.tif,,,,,"Commencement, 1986, Photograph 35",,,1986,"Two graduates pose together outdoors during commencement ceremonies. Laura Ohline is standing on the left. Jean Dettweiler, Class of 1985, is standing on the right.",Commencement,,,,,,,image,photograph,,,,image,,,,https://dgobjects.blob.core.windows.net/objs/re26/re26_dg_1782247958.tif,https://dgobjects.blob.core.windows.net/smalls/re26/re26_dg_1782247958_SMALL.jpg,https://dgobjects.blob.core.windows.net/thumbs/re26/re26_dg_1782247958_TN.jpg,,,,Jack Robertson,,"Commencement, 1986"
re26_dg_1782247959,Commencement-1986-Photograph,Commencement-1986-Photograph_36.tif,,,,,"Commencement, 1986, Photograph 36",,,1986,Lotonia Marshall and her baby Robert Jr. at the 1986 Commencement ceremony.,Commencement,,,,,,,image,photograph,,,,image,,,,https://dgobjects.blob.core.windows.net/objs/re26/re26_dg_1782247959.tif,https://dgobjects.blob.core.windows.net/smalls/re26/re26_dg_1782247959_SMALL.jpg,https://dgobjects.blob.core.windows.net/thumbs/re26/re26_dg_1782247959_TN.jpg,,,,Jack Robertson,,"Commencement, 1986"
re26_dg_1782247960,Commencement-1986-Photograph,Commencement-1986-Photograph_37.tif,,,,,"Commencement, 1986, Photograph 37",,,1986,Two people pose for the camera at the 1986 Commencement. ,Commencement,,,,,,,image,photograph,,,,image,,,,https://dgobjects.blob.core.windows.net/objs/re26/re26_dg_1782247960.tif,https://dgobjects.blob.core.windows.net/smalls/re26/re26_dg_1782247960_SMALL.jpg,https://dgobjects.blob.core.windows.net/thumbs/re26/re26_dg_1782247960_TN.jpg,,,,Jack Robertson,,"Commencement, 1986"
re26_dg_1782247961,Commencement-1986-Photograph,Commencement-1986-Photograph_9.tif,,,,,"Commencement, 1986, Photograph 9",,,1986,"Students attend the 1986 Commencement ceremony. Jim Arbogast is standing on the left side of the photograph. Ethan Cohen, James Rayo, and Klydah are standing near the center of group. Mary Batson is standing near the center-right of the photograph. Cristy Costello is standing to the right of Mary Batso.Mike Bianchi is standing on the right side of the photograph. ",Commencement,,,,,,,image,photograph,,,,image,,,,https://dgobjects.blob.core.windows.net/objs/re26/re26_dg_1782247961.tif,https://dgobjects.blob.core.windows.net/smalls/re26/re26_dg_1782247961_SMALL.jpg,https://dgobjects.blob.core.windows.net/thumbs/re26/re26_dg_1782247961_TN.jpg,,,,Jack Robertson,,"Commencement, 1986"
re26_dg_1782247962,Commencement-1987-Photograph,Commencement-1987-Photograph_19.tif,,,,,"Commencement, 1987, Photograph 19",,,1987,"These graduates pose together outdoors during Commencement ceromonies. Phil LeClerc is standing on the left, an unidentified female graduate is standing in the center holding a bouquet of flowers, and Dave Wilson is standing on the right, 1987.",Commencement,,,,,,,image,photograph,,,,image,,,,https://dgobjects.blob.core.windows.net/objs/re26/re26_dg_1782247962.tif,https://dgobjects.blob.core.windows.net/smalls/re26/re26_dg_1782247962_SMALL.jpg,https://dgobjects.blob.core.windows.net/thumbs/re26/re26_dg_1782247962_TN.jpg,,,,Jack Robertson,,"Commencement, 1987"
re26_dg_1782247963,Commencement-976-Photograph33,Commencement-976-Photograph33_001.tif,,,,,"Commencement, 1976, Photograph 33",,,,"Two unidentified students wearing graduation robes during the 1976 Commencement.  May 18, 1976.",Commencement,,,,,,,image,photograph,,,,image,,,,https://dgobjects.blob.core.windows.net/objs/re26/re26_dg_1782247963.tif,https://dgobjects.blob.core.windows.net/smalls/re26/re26_dg_1782247963_SMALL.jpg,https://dgobjects.blob.core.windows.net/thumbs/re26/re26_dg_1782247963_TN.jpg,,,,Roger W McMullin Photo,,"Commencement, 1976"
re26_dg_1782247964,Commencement-Undated-Photograph,Commencement-Undated-Photograph_7.tif,,,,,"Commencement, Undated, Photograph 7",,,,Graduates and guests gather outdoors following Commencement ceremony. Idenfied individuals include Nancy Lambert and Rhonda Stuart. Lianne Kimura and Perry Stern are tentatively identified.,Commencement,,,,,,,image,photograph,,,,image,,,,https://dgobjects.blob.core.windows.net/objs/re26/re26_dg_1782247964.tif,https://dgobjects.blob.core.windows.net/smalls/re26/re26_dg_1782247964_SMALL.jpg,https://dgobjects.blob.core.windows.net/thumbs/re26/re26_dg_1782247964_TN.jpg,,,,,,"Commencement, 1985"
re26_dg_1782247965,Commmencement-1977-Photograph,Commmencement-1977-Photograph_24.tif,,,,,"Commmencement, 1977, Photograph 24",,,,Crowd of seated onlookers at Commencement 1977.,Commencement,,,,,,,image,photograph,,,,image,,,,https://dgobjects.blob.core.windows.net/objs/re26/re26_dg_1782247965.tif,https://dgobjects.blob.core.windows.net/smalls/re26/re26_dg_1782247965_SMALL.jpg,https://dgobjects.blob.core.windows.net/thumbs/re26/re26_dg_1782247965_TN.jpg,,,,Roger W McMullin Photo,,Commencement 1977
re26_dg_1782247966,Commmencement-1977-Photograph,Commmencement-1977-Photograph_27.tif,,,,,"Commmencement, 1977, Photograph 27",,,,"The photograph shows Claudia Beckwith (Class of 1977) during the 1977 Commencement, wearing a decorative graduation cap with a flower. ",Commencement,,,,,,,image,photograph,,,,image,,,,https://dgobjects.blob.core.windows.net/objs/re26/re26_dg_1782247966.tif,https://dgobjects.blob.core.windows.net/smalls/re26/re26_dg_1782247966_SMALL.jpg,https://dgobjects.blob.core.windows.net/thumbs/re26/re26_dg_1782247966_TN.jpg,,,,Roger W McMullin Photo,,Commencement 1977
re26_dg_1782247967,Commmencement-1977-Photograph,Commmencement-1977-Photograph_28.tif,,,,,"Commmencement, 1977, Photograph 28",,,,A student adjusts her decorated graduation cap at the 1977 Commencement. ,Commencement,,,,,,,image,photograph,,,,image,,,,https://dgobjects.blob.core.windows.net/objs/re26/re26_dg_1782247967.tif,https://dgobjects.blob.core.windows.net/smalls/re26/re26_dg_1782247967_SMALL.jpg,https://dgobjects.blob.core.windows.net/thumbs/re26/re26_dg_1782247967_TN.jpg,,,,Roger W McMullin Photo,,Commencement 1977
re26_dg_1782247968,Cross Country-1961-Photograph,Cross Country-1961-Photograph_1.tif,,,,,"Cross Country, 1960, Photograph 1",,,1960,Coach Terry Moore presents cross-country awards to student athletes. Paul Roper is the second inidividual from the left. harry Huttel is the third individual from the left. Dick Fisher is the fifth individual from the left. Grant Fairbanks is the individual at the far right of the photograph.1961.,Students | Athletics | Cross Country,,,,,,,image,photograph,,,,image,,,,https://dgobjects.blob.core.windows.net/objs/re26/re26_dg_1782247968.tif,https://dgobjects.blob.core.windows.net/smalls/re26/re26_dg_1782247968_SMALL.jpg,https://dgobjects.blob.core.windows.net/thumbs/re26/re26_dg_1782247968_TN.jpg,,,,,,
re26_dg_1782247969,Cross Country-1961-Photograph,Cross Country-1961-Photograph_2.tif,,,,,"Cross Country, 1961, Photograph 1",,,1961,"Members of the 1961 conference champion cross-country team pose for a group phototgraph. In the front row, from left to right, are Hap Lutter, Ron Dorn, Jack Winiecki, Dick Fisher, and Bill Gorbunoff. In the back row, from left to right, are Coach Young, Grant Fairbanks, Gof Thompson (1962), Keith Kester, Phil Norton, and Paul Risser, 1961.",Students | Athletics | Cross Country,,,,,,,image,photograph,,,,image,,,,https://dgobjects.blob.core.windows.net/objs/re26/re26_dg_1782247969.tif,https://dgobjects.blob.core.windows.net/smalls/re26/re26_dg_1782247969_SMALL.jpg,https://dgobjects.blob.core.windows.net/thumbs/re26/re26_dg_1782247969_TN.jpg,,,,,,
re26_dg_1782247978,Dance Troupe Rehersal,Dance Troupe Rehersal-1984.tif,,,,,"Dance Troupe Rehersal, 1984",,,1984,"Members of the Grinnell College Dance Troupe rehearse for a concert held March 9-10, 1984. Mariam Puldas appears at the front left of the formation. Althea Ricketts is positioned in the upper right area of the group. Emelina Tedesco appears near the center-right. Lisa Cohen is crouched in the foreground at right.",Student Life,,,,,,,image,photograph,,,,image,,,,https://dgobjects.blob.core.windows.net/objs/re26/re26_dg_1782247978.tif,https://dgobjects.blob.core.windows.net/smalls/re26/re26_dg_1782247978_SMALL.jpg,https://dgobjects.blob.core.windows.net/thumbs/re26/re26_dg_1782247978_TN.jpg,,,,,,
re26_dg_1782247979,Election Night Party_1962.,Election Night Party_1962..tif,,,,,"Election Night Patry, 1962",,,November 1962,"Students at the Election Night Party in the Caucus Room, Program in Practical Political Education (PPPE), November 1962.",Students | Student Life | Politics,,,,,,,image,photograph,,,,image,,,,https://dgobjects.blob.core.windows.net/objs/re26/re26_dg_1782247979.tif,https://dgobjects.blob.core.windows.net/smalls/re26/re26_dg_1782247979_SMALL.jpg,https://dgobjects.blob.core.windows.net/thumbs/re26/re26_dg_1782247979_TN.jpg,,,,,,
re26_dg_1782247980,Football Squad-1960-Photograph,Football Squad-1960-Photograph_1.tif,,,,,"Football Squad, 1960, Photograph 1",,,1960,"Fourteen football players posing for a photograph with their coach, 1960.",Students | Athletics | Football,,,,,,,image,photograph,,,,image,,,,https://dgobjects.blob.core.windows.net/objs/re26/re26_dg_1782247980.tif,https://dgobjects.blob.core.windows.net/smalls/re26/re26_dg_1782247980_SMALL.jpg,https://dgobjects.blob.core.windows.net/thumbs/re26/re26_dg_1782247980_TN.jpg,,,,,,
re26_dg_1782247981,Football Squad-1960-Photograph,Football Squad-1960-Photograph_2.tif,,,,,"Football Squad, 1960, Photograph 2",,,1960,"Thirty-one football players posing for a photograph with their coach, 1960.",Students | Athletics | Football,,,,,,,image,photograph,,,,image,,,,https://dgobjects.blob.core.windows.net/objs/re26/re26_dg_1782247981.tif,https://dgobjects.blob.core.windows.net/smalls/re26/re26_dg_1782247981_SMALL.jpg,https://dgobjects.blob.core.windows.net/thumbs/re26/re26_dg_1782247981_TN.jpg,,,,,,
re26_dg_1782247982,Grinnell Singers,Grinnell Singers-1984.tif,,,,,"Grinnell Singers, 1984",,,1984,"Members of the Grinnell Singers pose for a group portrait in Herrick Chapel, 1984. Identified individuals include Susan Meazkoff, Tim Black, Thom Barthlemess, Ruth Schmidt, and Claire Vernette in the back row (left to right); Ross Carson in the second row from the back; Michelle Maly in the second row on the left; Andy Paul McLary on the far left side of the group; Carol Flesher (Class of 1985) on the right side; Dave Piston in the upper right; Annette Aluzas in the front row; and Tushar Khinder in the lower right. Janet Seger (1985), seated near the center, is tentatively identified.",Grinnell Singers,,,,,,,image,photograph,,,,image,,,,https://dgobjects.blob.core.windows.net/objs/re26/re26_dg_1782247982.tif,https://dgobjects.blob.core.windows.net/smalls/re26/re26_dg_1782247982_SMALL.jpg,https://dgobjects.blob.core.windows.net/thumbs/re26/re26_dg_1782247982_TN.jpg,,,,,,"Grinnell Singers, 1984"
re26_dg_1782247983,Haner,Haner-1961.tif,,,,,"Haner, 1961",,,March 1961,"Three individuals stand around a typewriter. Stanley King is standing on the right side of the picture. Carol Thateker is standing behind the seated individual, March 1961.",,,,,,,,image,photograph,,,,image,,,,https://dgobjects.blob.core.windows.net/objs/re26/re26_dg_1782247983.tif,https://dgobjects.blob.core.windows.net/smalls/re26/re26_dg_1782247983_SMALL.jpg,https://dgobjects.blob.core.windows.net/thumbs/re26/re26_dg_1782247983_TN.jpg,,,,,,
re26_dg_1782247984,Homecoming Floats-1960-Photograph,Homecoming Floats-1960-Photograph _2.tif,,,,,"Homecoming Floats, 1960, Photograph 2",,,,"Student Homecoming float ""Kiddy-Hawk Competition"", October 9, 1960.",Students | Student Life,,,,,,,image,photograph,,,,image,,,,https://dgobjects.blob.core.windows.net/objs/re26/re26_dg_1782247984.tif,https://dgobjects.blob.core.windows.net/smalls/re26/re26_dg_1782247984_SMALL.jpg,https://dgobjects.blob.core.windows.net/thumbs/re26/re26_dg_1782247984_TN.jpg,,,,,,"Homecoming, 1961"
re26_dg_1782247985,Homecoming Floats-1960-Photograph,Homecoming Floats-1960-Photograph_1.tif,,,,,"Homecoming Floats, 1960, Photograph 1",,,,"Student Homecoming float ""Cage the Kohawks"", October 9, 1960.",Students | Student Life,,,,,,,image,photograph,,,,image,,,,https://dgobjects.blob.core.windows.net/objs/re26/re26_dg_1782247985.tif,https://dgobjects.blob.core.windows.net/smalls/re26/re26_dg_1782247985_SMALL.jpg,https://dgobjects.blob.core.windows.net/thumbs/re26/re26_dg_1782247985_TN.jpg,,,,,,"Homecoming, 1960"
re26_dg_1782247987,JD4,JD4_2575.tif,,,,,"Student Dance Performance, 2015, Photograph 5",,,2015,"Three performers reach towards a fourth performer laying on the ground, 2015.",Performers,,,,,,,image,photograph,,,,image,,,,https://dgobjects.blob.core.windows.net/objs/re26/re26_dg_1782247987.tif,https://dgobjects.blob.core.windows.net/smalls/re26/re26_dg_1782247987_SMALL.jpg,https://dgobjects.blob.core.windows.net/thumbs/re26/re26_dg_1782247987_TN.jpg,,,,John Brady Photography,,"Student Life, 2015"
re26_dg_1782247988,JD4,JD4_2749.tif,,,,,"Student Dance Performance, 2015, Photograph 1",,,2015,"Students hold umbrellas during performance, 2015.",Performers,,,,,,,image,photograph,,,,image,,,,https://dgobjects.blob.core.windows.net/objs/re26/re26_dg_1782247988.tif,https://dgobjects.blob.core.windows.net/smalls/re26/re26_dg_1782247988_SMALL.jpg,https://dgobjects.blob.core.windows.net/thumbs/re26/re26_dg_1782247988_TN.jpg,,,,John Brady Photography,,"Student Life, 2015"
re26_dg_1782247990,JD6,JD6_0498.tif,,,,,"Student Dance Performance, 2015, Photograph 4",,,2015,"Ebony (Class of 2016) stands at right foreground during a staged performance under blue theatrical lighting. Other performers occupy the background, creating a layered composition that emphasizes movement, contract, and stage presence, 2015.",Performers,,,,,,,image,photograph,,,,image,,,,https://dgobjects.blob.core.windows.net/objs/re26/re26_dg_1782247990.tif,https://dgobjects.blob.core.windows.net/smalls/re26/re26_dg_1782247990_SMALL.jpg,https://dgobjects.blob.core.windows.net/thumbs/re26/re26_dg_1782247990_TN.jpg,,,,John Brady Photography,,"Student Life, 2015"
re26_dg_1782247991,JD6,JD6_0507.tif,,,,,"Student Dance Performance, 2015, Photograph 3",,,2015,"Gabrielle (Gabi) Matthews (Class of 2017) performs in a dance production under dramatic red stage lighting. Positioned at the center of the composition, Matthews leads a group of dancers engaged in coordinated movement and expressive gestures, 2015.",Performers,,,,,,,image,photograph,,,,image,,,,https://dgobjects.blob.core.windows.net/objs/re26/re26_dg_1782247991.tif,https://dgobjects.blob.core.windows.net/smalls/re26/re26_dg_1782247991_SMALL.jpg,https://dgobjects.blob.core.windows.net/thumbs/re26/re26_dg_1782247991_TN.jpg,,,,John Brady Photography,,"Student Life, 2015"
re26_dg_1782247992,JD6,JD6_0574.tif,,,,,"Student Dance Performance, 2015, Photograph 2",,,2015,"Charlotte Richardson Deppe looks at the camera during a dance performance, 2015.",Performers,,,,,,,image,photograph,,,,image,,,,https://dgobjects.blob.core.windows.net/objs/re26/re26_dg_1782247992.tif,https://dgobjects.blob.core.windows.net/smalls/re26/re26_dg_1782247992_SMALL.jpg,https://dgobjects.blob.core.windows.net/thumbs/re26/re26_dg_1782247992_TN.jpg,,,,John Brady Photography,,"Student Life, 2015"
re26_dg_1782247996,Latin American Marimba Ensemble in Concert,Latin American Marimba Ensemble in Concert 001.tif,,,,,,,,,,,,,,,,,,image/tiff,,,,image,,,,https://dgobjects.blob.core.windows.net/objs/re26/re26_dg_1782247996.tif,https://dgobjects.blob.core.windows.net/smalls/re26/re26_dg_1782247996_SMALL.jpg,https://dgobjects.blob.core.windows.net/thumbs/re26/re26_dg_1782247996_TN.jpg,,,,,,
re26_dg_1782247997,Misc Outdoor Campus Shot-1982-Photograph,Misc Outdoor Campus Shot-1982-Photograph_4.tif,,,,,"Misc Outdoor Campus Shot, 1982, Photograph 4",,,1982,"A student identified as Kayla Haines sits reading beneath a large tree on the Grinnell College campus, with a residence hall visible in the background. Kayla Haines is seated in the lower center-right portion of the photograph at the base of the tree, 1982.",Student Life,,,,,,,image,photograph,,,,image,,,,https://dgobjects.blob.core.windows.net/objs/re26/re26_dg_1782247997.tif,https://dgobjects.blob.core.windows.net/smalls/re26/re26_dg_1782247997_SMALL.jpg,https://dgobjects.blob.core.windows.net/thumbs/re26/re26_dg_1782247997_TN.jpg,,,,,,"Student Life, 1982"
re26_dg_1782247998,Music,Music-1961.tif,,,,,"Music, 1961",,,1961,"A student at the piano with two men observing/teaching. Gretchen Osterhof Thomson is seated at the piano in the center of the picture. Robert Hase is standing on the right side of the picture, 1961.",Students ,,,,,,,image,photograph,,,,image,,,,https://dgobjects.blob.core.windows.net/objs/re26/re26_dg_1782247998.tif,https://dgobjects.blob.core.windows.net/smalls/re26/re26_dg_1782247998_SMALL.jpg,https://dgobjects.blob.core.windows.net/thumbs/re26/re26_dg_1782247998_TN.jpg,,,,,,
re26_dg_1782247999,New Student Days Pics-1982-Photograph,New Student Days Pics-1982-Photograph_1.tif,,,,,"New Student Days Pics, 1982, Photograph 1",,,1982,"Two students identified as Rhoda Mailna and Lisa Clearlite are shown in a workshop or classroom setting speaking with an older woman who is opearting equipment in the foreground. Rhonda Malina stands on the left side of the photograph, while Lisa Clearlite stands near the center of the image facing the camera. The unidentified woman is positioned in the foreground with her back to the camera, 1982.",New Student Days,,,,,,,image,photograph,,,,image,,,,https://dgobjects.blob.core.windows.net/objs/re26/re26_dg_1782247999.tif,https://dgobjects.blob.core.windows.net/smalls/re26/re26_dg_1782247999_SMALL.jpg,https://dgobjects.blob.core.windows.net/thumbs/re26/re26_dg_1782247999_TN.jpg,,,,,,"Student Life, 1982"
re26_dg_1782248000,New Student Days Pics-1982-Photograph,New Student Days Pics-1982-Photograph_2.tif,,,,,"New Student Days Pics, 1982, Photograph 2",,,1982,"Student browsing in bookstore, 1982.",New Student Days,,,,,,,image,photograph,,,,image,,,,https://dgobjects.blob.core.windows.net/objs/re26/re26_dg_1782248000.tif,https://dgobjects.blob.core.windows.net/smalls/re26/re26_dg_1782248000_SMALL.jpg,https://dgobjects.blob.core.windows.net/thumbs/re26/re26_dg_1782248000_TN.jpg,,,,,,New Student Day 1982
re26_dg_1782248001,New Student Days Pics-1982-Photograph,New Student Days Pics-1982-Photograph_3.tif,,,,,"New Student Days Pics, 1982, Photograph 3",,,1982,"Students browse and converse among bookshelves in the campus bookstore Susan Rest Asplund is positioned near the center of the photograph, standing in front of a display of books. Two additional unidentified individuals are visble at the left and right sides of the image, 1982.",New Student Days,,,,,,,image,photograph,,,,image,,,,https://dgobjects.blob.core.windows.net/objs/re26/re26_dg_1782248001.tif,https://dgobjects.blob.core.windows.net/smalls/re26/re26_dg_1782248001_SMALL.jpg,https://dgobjects.blob.core.windows.net/thumbs/re26/re26_dg_1782248001_TN.jpg,,,,,,New Student Day 1982
re26_dg_1782248002,New Student Days Pics-1982-Photograph,New Student Days Pics-1982-Photograph_4.tif,,,,,"New Student Days Pics, 1982, Photograph 4",,,1982,"Two students chatting at table, 1982.",New Student Days,,,,,,,image,photograph,,,,image,,,,https://dgobjects.blob.core.windows.net/objs/re26/re26_dg_1782248002.tif,https://dgobjects.blob.core.windows.net/smalls/re26/re26_dg_1782248002_SMALL.jpg,https://dgobjects.blob.core.windows.net/thumbs/re26/re26_dg_1782248002_TN.jpg,,,,,,New Student Day 1982
re26_dg_1782248003,New Student Days Pics-1982-Photograph,New Student Days Pics-1982-Photograph_5.tif,,,,,"New Student Days Pics, 1982, Photograph 5",,,1982,"Gali Burdick is seated at her desk in an office. Positioned at the center of the photograph, she is shown smiling toward the camera, with office materials and a bulletin board visble in the background, 1982.",New Student Days,,,,,,,image,photograph,,,,image,,,,https://dgobjects.blob.core.windows.net/objs/re26/re26_dg_1782248003.tif,https://dgobjects.blob.core.windows.net/smalls/re26/re26_dg_1782248003_SMALL.jpg,https://dgobjects.blob.core.windows.net/thumbs/re26/re26_dg_1782248003_TN.jpg,,,,,,New Student Day 1982
re26_dg_1782248004,New Student Days Pics-1982-Photograph,New Student Days Pics-1982-Photograph_6.tif,,,,,"New Student Days Pics, 1982, Photograph 6",,,1982,"Student at registration on New Student Day, 1982.",New Student Days,,,,,,,image,photograph,,,,image,,,,https://dgobjects.blob.core.windows.net/objs/re26/re26_dg_1782248004.tif,https://dgobjects.blob.core.windows.net/smalls/re26/re26_dg_1782248004_SMALL.jpg,https://dgobjects.blob.core.windows.net/thumbs/re26/re26_dg_1782248004_TN.jpg,,,,,,New Student Day 1982
re26_dg_1782248005,New Student Days-1972-Photograph 25,New Student Days-1972-Photograph 25_001.tif,,,,,"New Student Days, 1972, Photograph 25-001",,,1972,"Beth Loup Liebman is standing on the right side of the photograph, browsing items on a bookstore shelf.",New Student Days,,,,,,,image,photograph,,,,image,,,,https://dgobjects.blob.core.windows.net/objs/re26/re26_dg_1782248005.tif,https://dgobjects.blob.core.windows.net/smalls/re26/re26_dg_1782248005_SMALL.jpg,https://dgobjects.blob.core.windows.net/thumbs/re26/re26_dg_1782248005_TN.jpg,,,,Roger W McMullin Photo,,"New Student Day, 1972"
re26_dg_1782248006,New Student Days-1972-Photograph 25,New Student Days-1972-Photograph 25_002.tif,,,,,"New Student Days, 1972, Photograph 25-002",,,1972,"Student on the right is Melanie Steinkraus. The woman on the left is unidentified. The photograph documents a vaccination being administered on campus, 1972.",New Student Days,,,,,,,image,photograph,,,,image,,,,https://dgobjects.blob.core.windows.net/objs/re26/re26_dg_1782248006.tif,https://dgobjects.blob.core.windows.net/smalls/re26/re26_dg_1782248006_SMALL.jpg,https://dgobjects.blob.core.windows.net/thumbs/re26/re26_dg_1782248006_TN.jpg,,,,Roger W McMullin Photo,,"New Student Day, 1972"
re26_dg_1782248007,New Student Days-1972-Photograph,New Student Days-1972-Photograph5.tif,,,,,"New Student Days, 1972, Photograph 5",,,1972,The photograph shows Vance Liebman (Class of 1974) in the college bookstore as students line up among stacks of textbooks during the begining of the academic term.,New Student Days,,,,,,,image,photograph,,,,image,,,,https://dgobjects.blob.core.windows.net/objs/re26/re26_dg_1782248007.tif,https://dgobjects.blob.core.windows.net/smalls/re26/re26_dg_1782248007_SMALL.jpg,https://dgobjects.blob.core.windows.net/thumbs/re26/re26_dg_1782248007_TN.jpg,,,,Roger W McMullin Photo,,"New Student Day, 1972"
re26_dg_1782248008,New Student Days-1972-Photograph,New Student Days-1972-Photograph_11.tif,,,,,"New Student Days, 1972, Photograph 11",,,1972,"Two men load crates into a truck bed while students converse behind them. The indivisual is Bo Batty. Bo Batty at Texaco service station in Grinnell, standing beside a pickup truck while workers load or unload things outside the station.",New Student Days,,,,,,,image,photograph,,,,image,,,,https://dgobjects.blob.core.windows.net/objs/re26/re26_dg_1782248008.tif,https://dgobjects.blob.core.windows.net/smalls/re26/re26_dg_1782248008_SMALL.jpg,https://dgobjects.blob.core.windows.net/thumbs/re26/re26_dg_1782248008_TN.jpg,,,,Roger W McMullin Photo,,"New Student Day, 1972"
re26_dg_1782248009,New Student Days-1972-Photograph,New Student Days-1972-Photograph_12.tif,,,,,"New Student Days, 1972, Photograph 12",,,1972,Two students sit on the floor looking at papers while others stand nearby.,New Student Days,,,,,,,image,photograph,,,,image,,,,https://dgobjects.blob.core.windows.net/objs/re26/re26_dg_1782248009.tif,https://dgobjects.blob.core.windows.net/smalls/re26/re26_dg_1782248009_SMALL.jpg,https://dgobjects.blob.core.windows.net/thumbs/re26/re26_dg_1782248009_TN.jpg,,,,Roger W McMullin Photo,,"New Student Day, 1972"
re26_dg_1782248010,New Student Days-1972-Photograph,New Student Days-1972-Photograph_13.tif,,,,,"New Student Days, 1972, Photograph 13",,,1972,The photograph shows Maria Perotto (Class of 1974) speaking with staff and students at a registration desk during course registration.,New Student Days,,,,,,,image,photograph,,,,image,,,,https://dgobjects.blob.core.windows.net/objs/re26/re26_dg_1782248010.tif,https://dgobjects.blob.core.windows.net/smalls/re26/re26_dg_1782248010_SMALL.jpg,https://dgobjects.blob.core.windows.net/thumbs/re26/re26_dg_1782248010_TN.jpg,,,,Roger W McMullin Photo,,"New Student Day, 1972"
re26_dg_1782248011,New Student Days-1972-Photograph,New Student Days-1972-Photograph_14.tif,,,,,"New Student Days, 1972, Photograph 14",,,1972,Student getting on a bike outside the Forum. ,New Student Days,,,,,,,image,photograph,,,,image,,,,https://dgobjects.blob.core.windows.net/objs/re26/re26_dg_1782248011.tif,https://dgobjects.blob.core.windows.net/smalls/re26/re26_dg_1782248011_SMALL.jpg,https://dgobjects.blob.core.windows.net/thumbs/re26/re26_dg_1782248011_TN.jpg,,,,Roger W McMullin Photo,,"New Student Day, 1972"
re26_dg_1782248012,New Student Days-1972-Photograph,New Student Days-1972-Photograph_15.tif,,,,,"New Student Days, 1972, Photograph 15",,,1972,Six students sits at a table engaged in writing work.,New Student Days,,,,,,,image,photograph,,,,image,,,,https://dgobjects.blob.core.windows.net/objs/re26/re26_dg_1782248012.tif,https://dgobjects.blob.core.windows.net/smalls/re26/re26_dg_1782248012_SMALL.jpg,https://dgobjects.blob.core.windows.net/thumbs/re26/re26_dg_1782248012_TN.jpg,,,,Roger W McMullin Photo,,"New Student Day, 1972"
re26_dg_1782248013,New Student Days-1972-Photograph,New Student Days-1972-Photograph_2.tif,,,,,"New Student Days, 1972, Photograph 2",,,,A student and parents moving into the dormitories on New Student Day.,New Student Days,,,,,,,image,photograph,,,,image,,,,https://dgobjects.blob.core.windows.net/objs/re26/re26_dg_1782248013.tif,https://dgobjects.blob.core.windows.net/smalls/re26/re26_dg_1782248013_SMALL.jpg,https://dgobjects.blob.core.windows.net/thumbs/re26/re26_dg_1782248013_TN.jpg,,,,Roger W McMullin Photo,,"New Student Day, 1972"
re26_dg_1782248014,New Student Days-1972-Photograph,New Student Days-1972-Photograph_21.tif,,,,,"New Student Days, 1972, Photograph 21",,,1972,Jon Herman (Class of 1978) is standing near the center-right of the photograph during course registration.,New Student Days,,,,,,,image,photograph,,,,image,,,,https://dgobjects.blob.core.windows.net/objs/re26/re26_dg_1782248014.tif,https://dgobjects.blob.core.windows.net/smalls/re26/re26_dg_1782248014_SMALL.jpg,https://dgobjects.blob.core.windows.net/thumbs/re26/re26_dg_1782248014_TN.jpg,,,,Roger W McMullin Photo,,"New Student Day, 1972"
re26_dg_1782248015,New Student Days-1972-Photograph,New Student Days-1972-Photograph_23.tif,,,,,"New Student Days, 1972, Photograph 23",,,1972,Students sit in a classroom with combined desk chairs. The student on the right is Warren Rubstello.,New Student Days,,,,,,,image,photograph,,,,image,,,,https://dgobjects.blob.core.windows.net/objs/re26/re26_dg_1782248015.tif,https://dgobjects.blob.core.windows.net/smalls/re26/re26_dg_1782248015_SMALL.jpg,https://dgobjects.blob.core.windows.net/thumbs/re26/re26_dg_1782248015_TN.jpg,,,,Roger W McMullin Photo,,"New Student Day, 1972"
re26_dg_1782248016,New Student Days-1972-Photograph,New Student Days-1972-Photograph_29.tif,,,,,"New Student Days, 1972, Photograph 29",,,1972,The photograph shows Julie Hollings browsing books in the campus bookstore.,New Student Days,,,,,,,image,photograph,,,,image,,,,https://dgobjects.blob.core.windows.net/objs/re26/re26_dg_1782248016.tif,https://dgobjects.blob.core.windows.net/smalls/re26/re26_dg_1782248016_SMALL.jpg,https://dgobjects.blob.core.windows.net/thumbs/re26/re26_dg_1782248016_TN.jpg,,,,Roger W McMullin Photo,,"New Student Day, 1972"
re26_dg_1782248017,New Student Days-1972-Photograph,New Student Days-1972-Photograph_6.tif,,,,,"New Student Days, 1972, Photograph 6",,,1972,Two pairs of students are engaged in conversation outside the Forum.,New Student Days,,,,,,,image,photograph,,,,image,,,,https://dgobjects.blob.core.windows.net/objs/re26/re26_dg_1782248017.tif,https://dgobjects.blob.core.windows.net/smalls/re26/re26_dg_1782248017_SMALL.jpg,https://dgobjects.blob.core.windows.net/thumbs/re26/re26_dg_1782248017_TN.jpg,,,,Roger W McMullin Photo,,"New Student Day, 1972"
re26_dg_1782248018,Paddle Tennis,Paddle Tennis_1960.tif,,,,,"Paddle Tennis, 1960",,,1960,"Four students outside playing paddle tennis, September 1960.",Students | Athletics ,,,,,,,image,photograph,,,,image,,,,https://dgobjects.blob.core.windows.net/objs/re26/re26_dg_1782248018.tif,https://dgobjects.blob.core.windows.net/smalls/re26/re26_dg_1782248018_SMALL.jpg,https://dgobjects.blob.core.windows.net/thumbs/re26/re26_dg_1782248018_TN.jpg,,,,,,
re26_dg_1782248019,Photo,Photo_001.tif,,,,,"Unidentified Student Reading in Dorm Room, April 2, 1969",,,1969,"Student James John Ellsmore sits reading a book titled Eldridge Cleaver at a dorm room desk, 1969.",Student Life,,,,,,,image,photograph,,,,image,,,,https://dgobjects.blob.core.windows.net/objs/re26/re26_dg_1782248019.tif,https://dgobjects.blob.core.windows.net/smalls/re26/re26_dg_1782248019_SMALL.jpg,https://dgobjects.blob.core.windows.net/thumbs/re26/re26_dg_1782248019_TN.jpg,,,,George T. Henry ,,
re26_dg_1782248020,Photo,Photo_002.tif,,,,,"Two students walk away from the ARH, May 1964",,,May 1964,"Two students hold each other as they walk away from the Alumni Recitation Hall, 1964.",Student Life,,,,,,,image,photograph,,,,image,,,,https://dgobjects.blob.core.windows.net/objs/re26/re26_dg_1782248020.tif,https://dgobjects.blob.core.windows.net/smalls/re26/re26_dg_1782248020_SMALL.jpg,https://dgobjects.blob.core.windows.net/thumbs/re26/re26_dg_1782248020_TN.jpg,,,,,,
re26_dg_1782248021,Photo,Photo_003.tif,,,,,"Students checking out at bookstore, December 6, 1964",,,1964,"Three students check out at the bookstore, another student in the background, 1964.",Student Life,,,,,,,image,photograph,,,,image,,,,https://dgobjects.blob.core.windows.net/objs/re26/re26_dg_1782248021.tif,https://dgobjects.blob.core.windows.net/smalls/re26/re26_dg_1782248021_SMALL.jpg,https://dgobjects.blob.core.windows.net/thumbs/re26/re26_dg_1782248021_TN.jpg,,,,McMullin,,
re26_dg_1782248022,Photo,Photo_004.tif,,,,,"Environmental Teach-In, Students returning ""Bud"" cans to Grinnell Beverage Co., 1970",,,,A group of students is gathered around a van parked on city street during what appears to be an anti-war protest in 1967 or 1968. .,Student Life,,,,,,,image,photograph,,,,image,,,,https://dgobjects.blob.core.windows.net/objs/re26/re26_dg_1782248022.tif,https://dgobjects.blob.core.windows.net/smalls/re26/re26_dg_1782248022_SMALL.jpg,https://dgobjects.blob.core.windows.net/thumbs/re26/re26_dg_1782248022_TN.jpg,,,,,,
re26_dg_1782248023,Photo,Photo_005.tif,,,,,"Students play cards in a lounge, April 2, 1969",,,1969,"Four students sit at a table playing cards in the Forum, 1969.",Student Life,,,,,,,image,photograph,,,,image,,,,https://dgobjects.blob.core.windows.net/objs/re26/re26_dg_1782248023.tif,https://dgobjects.blob.core.windows.net/smalls/re26/re26_dg_1782248023_SMALL.jpg,https://dgobjects.blob.core.windows.net/thumbs/re26/re26_dg_1782248023_TN.jpg,,,,George T. Henry,,
re26_dg_1782248024,Photo,Photo_006.tif,,,,,"Three students sit/stand outside the Forum, 1971",,,1971,"Three students, two sitting and one standing, look out onto South Campus from the front of the Forum, 1971.",Student Life,,,,,,,image,photograph,,,,image,,,,https://dgobjects.blob.core.windows.net/objs/re26/re26_dg_1782248024.tif,https://dgobjects.blob.core.windows.net/smalls/re26/re26_dg_1782248024_SMALL.jpg,https://dgobjects.blob.core.windows.net/thumbs/re26/re26_dg_1782248024_TN.jpg,,,,,,
re26_dg_1782248025,Photo,Photo_007.tif,,,,,"Students sitting and chatting, May 1969",,,1969,"Four students sit on chairs near a window, chatting, 1969. Taken for the new student catalogue ""When You Come to Grinnell"" Professor Greg Guroff is seated on the far left side of the photograph, sitting in a sofa crossed and facing the group discussion. The second from the right is H. Christine Midelfort..",Student Life,,,,,,,image,photograph,,,,image,,,,https://dgobjects.blob.core.windows.net/objs/re26/re26_dg_1782248025.tif,https://dgobjects.blob.core.windows.net/smalls/re26/re26_dg_1782248025_SMALL.jpg,https://dgobjects.blob.core.windows.net/thumbs/re26/re26_dg_1782248025_TN.jpg,,,,George T. Henry,,
re26_dg_1782248026,Photo,Photo_008.tif,,,,,"Crowded stands, Fall 1966, Photograph 2",,,Fall 1966,"A large crowd watches a game from the stands, people in the first row hold a sign that says ""Young Steve"". Bruce Strom is seated in the fifth row from the front and approximately the fifth person from the left side of the photograph, among the spectators in the bleachers. Ron Ai (Class of 1970) is seated in the front row, approximately the sixth person from the left side of the photograph, near the bottom center-right area of the image. Mike Sehested (Class of 1970) is seated in the upper middle-right section of the photograph. He wears his glasses and is positioned several rows behind the front of the crowd. H. Tappes appears along the right side of photograph, seated among the spectators in the stands,  Fall 1966.",Student Life,,,,,,,image,photograph,,,,image,,,,https://dgobjects.blob.core.windows.net/objs/re26/re26_dg_1782248026.tif,https://dgobjects.blob.core.windows.net/smalls/re26/re26_dg_1782248026_SMALL.jpg,https://dgobjects.blob.core.windows.net/thumbs/re26/re26_dg_1782248026_TN.jpg,,,,Lilah Morton,,
re26_dg_1782248027,Photo,Photo_009.tif,,,,,"Students in South Loggia, 1969",,,1969,"Gathering of students in the South Campus Loggia. Al Wands is seated on the left side of the photograph, reclining in a cushioned lounge chair with his legs extended onto another chair in front of him.",Student Life,,,,,,,image,photograph,,,,image,,,,https://dgobjects.blob.core.windows.net/objs/re26/re26_dg_1782248027.tif,https://dgobjects.blob.core.windows.net/smalls/re26/re26_dg_1782248027_SMALL.jpg,https://dgobjects.blob.core.windows.net/thumbs/re26/re26_dg_1782248027_TN.jpg,,,,George T. Henry,,
re26_dg_1782248028,Photo,Photo_010.tif,,,,,"Senate Meeting, 1965-1966",,,1965-1966,Senate meets during the 1965-66 school year. Seated in middle row center is Terry Nelson Littlejohn. Art Knowles (Class of 1970) appears near the center-right of the photograph and is partially obscured by the annotation note identifying him. He is seated among a group of students holding papers and appears to be participating  in Senate meeting.,Student Life,,,,,,,image,photograph,,,,image,,,,https://dgobjects.blob.core.windows.net/objs/re26/re26_dg_1782248028.tif,https://dgobjects.blob.core.windows.net/smalls/re26/re26_dg_1782248028_SMALL.jpg,https://dgobjects.blob.core.windows.net/thumbs/re26/re26_dg_1782248028_TN.jpg,,,,John Phillips,,
re26_dg_1782248029,Photo,Photo_011.tif,,,,,"Students in line for second semester registration in Burling, 1972",,,1972,"Students form a line to talk with a librarian at a desk for second semester registration, one fills out a form. Doung Russel is standing on the far right side of the photograph, leaning forward over the counter and looking down at the materials on the desk.",Student Life,,,,,,,image,photograph,,,,image,,,,https://dgobjects.blob.core.windows.net/objs/re26/re26_dg_1782248029.tif,https://dgobjects.blob.core.windows.net/smalls/re26/re26_dg_1782248029_SMALL.jpg,https://dgobjects.blob.core.windows.net/thumbs/re26/re26_dg_1782248029_TN.jpg,,,,,,
re26_dg_1782248030,Photo,Photo_012.tif,,,,,"Students in political science caucus room, May 5th 1970",,,,"Four students sit in the political science caucus room, sitting with papers and books. One student is identified as Ossie Barrett (Class of 1973). And the second from the left is Mark Haniton.",Student Life,,,,,,,image,photograph,,,,image,,,,https://dgobjects.blob.core.windows.net/objs/re26/re26_dg_1782248030.tif,https://dgobjects.blob.core.windows.net/smalls/re26/re26_dg_1782248030_SMALL.jpg,https://dgobjects.blob.core.windows.net/thumbs/re26/re26_dg_1782248030_TN.jpg,,,,George T. Henry,,
re26_dg_1782248031,Photo,Photo_013.tif,,,,,"Three students outside the ARH, May 5th 1970",,,,"Three students stand under an arch outside the ARH, one is identified as Sheila Y. Scullock (Class of 1973).",Student Life,,,,,,,image,photograph,,,,image,,,,https://dgobjects.blob.core.windows.net/objs/re26/re26_dg_1782248031.tif,https://dgobjects.blob.core.windows.net/smalls/re26/re26_dg_1782248031_SMALL.jpg,https://dgobjects.blob.core.windows.net/thumbs/re26/re26_dg_1782248031_TN.jpg,,,,George T. Henry,,
re26_dg_1782248032,Photo,Photo_014.tif,,,,,"Students on Mac Field, April 1972",,,April 1972,"A group of students standsit on Mac Field, watching something that is unpictured, April 1972. Three students are identified as Dianne Jones (Class of 1974), Renee Weldon (Class of 1973), and Jon R. Gray (Class of 1973). Sherri Raines is seated on the ground near the center of the photograph. She appears between two standing figures in the foreground, with only the upper portion of her body visible.",Student Life,,,,,,,image,photograph,,,,image,,,,https://dgobjects.blob.core.windows.net/objs/re26/re26_dg_1782248032.tif,https://dgobjects.blob.core.windows.net/smalls/re26/re26_dg_1782248032_SMALL.jpg,https://dgobjects.blob.core.windows.net/thumbs/re26/re26_dg_1782248032_TN.jpg,,,,,,
re26_dg_1782248033,Photo,Photo_015.tif,,,,,"Second Semester Registration, 1970-1971",,,1970-1971,A group of students register for classes in Darby. Dan Duncan (Class of 1974) is standinng near the center-right of the photograph. He is wearing a patterned coat and holding a sheet of paper in his right hand while facing the registration table.,Student Life,,,,,,,image,photograph,,,,image,,,,https://dgobjects.blob.core.windows.net/objs/re26/re26_dg_1782248033.tif,https://dgobjects.blob.core.windows.net/smalls/re26/re26_dg_1782248033_SMALL.jpg,https://dgobjects.blob.core.windows.net/thumbs/re26/re26_dg_1782248033_TN.jpg,,,,McMullin,,
re26_dg_1782248034,Registration,Registration-1960.tif,,,,,"Registration, 1960",,,1960,"A student sitting at Mr. Wellborn's desk during class registration, September 1960.",Students | Registration,,,,,,,image,photograph,,,,image,,,,https://dgobjects.blob.core.windows.net/objs/re26/re26_dg_1782248034.tif,https://dgobjects.blob.core.windows.net/smalls/re26/re26_dg_1782248034_SMALL.jpg,https://dgobjects.blob.core.windows.net/thumbs/re26/re26_dg_1782248034_TN.jpg,,,,,,"Registration, 1960"
re26_dg_1782248035,Science Pics-Photograph,Science Pics-Photograph_1.tif,,,,,"Science Pics, 1960,  Photograph 1",,,1960,"Two students working with old machinery in a science lab, July 1960.",Students | Science,,,,,,,image,photograph,,,,image,,,,https://dgobjects.blob.core.windows.net/objs/re26/re26_dg_1782248035.tif,https://dgobjects.blob.core.windows.net/smalls/re26/re26_dg_1782248035_SMALL.jpg,https://dgobjects.blob.core.windows.net/thumbs/re26/re26_dg_1782248035_TN.jpg,,,,,,
re26_dg_1782248036,Science Pics-Photograph,Science Pics-Photograph_2.tif,,,,,"Science Pics, 1960,  Photograph 2",,,1960,"Two students working in a lab, July 1960.",Students | Science,,,,,,,image,photograph,,,,image,,,,https://dgobjects.blob.core.windows.net/objs/re26/re26_dg_1782248036.tif,https://dgobjects.blob.core.windows.net/smalls/re26/re26_dg_1782248036_SMALL.jpg,https://dgobjects.blob.core.windows.net/thumbs/re26/re26_dg_1782248036_TN.jpg,,,,,,
re26_dg_1782248037,Science Pics-Photograph,Science Pics-Photograph_3.tif,,,,,"Science Pics, 1960,  Photograph 3",,,1960,"A student observing potted plants, July 1960.",Students | Science,,,,,,,image,photograph,,,,image,,,,https://dgobjects.blob.core.windows.net/objs/re26/re26_dg_1782248037.tif,https://dgobjects.blob.core.windows.net/smalls/re26/re26_dg_1782248037_SMALL.jpg,https://dgobjects.blob.core.windows.net/thumbs/re26/re26_dg_1782248037_TN.jpg,,,,,,
re26_dg_1782248038,South Lounge Scenes-1982-Photograph,South Lounge Scenes-1982-Photograph_1.tif,,,,,"South Lounge Scenes, 1982, Photograph 1",,,1982,"A student, possibly identified as McKeown, sits cross-legged on the floor reading printed material in a lounge or common area. The student is positioned as the center of the photograph, with a piano and seating visible in the background, 1982.",Student Life,,,,,,,image,photograph,,,,image,,,,https://dgobjects.blob.core.windows.net/objs/re26/re26_dg_1782248038.tif,https://dgobjects.blob.core.windows.net/smalls/re26/re26_dg_1782248038_SMALL.jpg,https://dgobjects.blob.core.windows.net/thumbs/re26/re26_dg_1782248038_TN.jpg,,,,,,"Student Life, 1982"
re26_dg_1782248039,South Lounge Scenes-1982-Photograph,South Lounge Scenes-1982-Photograph_2.tif,,,,,"South Lounge Scenes, 1982, Photograph 2",,,1982,"Two students sit together on cushioned seating in a campus lounge or common area. One student appears to be reading while speaking with another. One of the student is possibly Serena, though the identification remains uncertain, 1982.",Student Life,,,,,,,image,photograph,,,,image,,,,https://dgobjects.blob.core.windows.net/objs/re26/re26_dg_1782248039.tif,https://dgobjects.blob.core.windows.net/smalls/re26/re26_dg_1782248039_SMALL.jpg,https://dgobjects.blob.core.windows.net/thumbs/re26/re26_dg_1782248039_TN.jpg,,,,,,"Student Life, 1982"
re26_dg_1782248040,Student Variety Show-1960-Photograph,Student Variety Show-1960-Photograph _2.tif,,,,,"Student Variety Show, 1960, Photograph 2",,,1960,"Eight students singing on stage at the variety show. Terry Moore is standing near the center of the group. P. Sandberg is standing near the center, to the left of Terry Moore. Ken Hall is standing on the right side of the group near the microphone. Eric Stubben and Gale Hatten are standing on the right side of the group. September 1960.",Students | Student Life,,,,,,,image,photograph,,,,image,,,,https://dgobjects.blob.core.windows.net/objs/re26/re26_dg_1782248040.tif,https://dgobjects.blob.core.windows.net/smalls/re26/re26_dg_1782248040_SMALL.jpg,https://dgobjects.blob.core.windows.net/thumbs/re26/re26_dg_1782248040_TN.jpg,,,,,,"Student Life, 1960"
re26_dg_1782248041,Student Variety Show-1960-Photograph,Student Variety Show-1960-Photograph_3.tif,,,,,"Student Variety Show, 1960, Photograph 3",,,1960,"A group of eleven students with straw hats on stage at the variety show. Ann Wright is the student at the far left of the groud. Mcllwary is standing second from the left. Sue Z. is standing near the center of the group. Cathleen Cathley is standing to the right of the center. Van Dalen is standing on the right side of the group, September 1960.",Students | Student Life,,,,,,,image,photograph,,,,image,,,,https://dgobjects.blob.core.windows.net/objs/re26/re26_dg_1782248041.tif,https://dgobjects.blob.core.windows.net/smalls/re26/re26_dg_1782248041_SMALL.jpg,https://dgobjects.blob.core.windows.net/thumbs/re26/re26_dg_1782248041_TN.jpg,,,,,,"Student Life, 1960"
re26_dg_1782248042,Student Variety Show-1960-Photograph,Student Variety Show-1960-Photograph_4.tif,,,,,"Student Variety Show, 1960, Photograph 4",,,1960,"Eleven students dancing on stage with straw hats at the variety show. Ann Wright is the student at the far left of the group. Hedda Haglund (Smithson) is the second student from the left, September 1960.",Students | Student Life,,,,,,,image,photograph,,,,image,,,,https://dgobjects.blob.core.windows.net/objs/re26/re26_dg_1782248042.tif,https://dgobjects.blob.core.windows.net/smalls/re26/re26_dg_1782248042_SMALL.jpg,https://dgobjects.blob.core.windows.net/thumbs/re26/re26_dg_1782248042_TN.jpg,,,,,,"Student Life, 1960"
re26_dg_1782248043,Tony Margherita Photos-1984-Photograph,Tony Margherita Photos-1984-Photograph _2.tif,,,,,"Tony Margherita Photos, 1984, Photograph 2",,,1984,"Five students pose together in a residence hall room. Bomi Mistry is standing on the far left of the group. Kayla Haines is also pictured, though her exact position within the group has not been identified, 1984.",Student Life,,,,,,,image,photograph,,,,image,,,,https://dgobjects.blob.core.windows.net/objs/re26/re26_dg_1782248043.tif,https://dgobjects.blob.core.windows.net/smalls/re26/re26_dg_1782248043_SMALL.jpg,https://dgobjects.blob.core.windows.net/thumbs/re26/re26_dg_1782248043_TN.jpg,,,,Tony Margherita,,
re26_dg_1782248044,Tony Margherita Photos-1984-Photograph,Tony Margherita Photos-1984-Photograph_1.tif,,,,,"Tony Margherita Photos, 1984, Photograph 1",,,1984,"Student participating in an international gathering pose on steps beneath a Republic of China flag. Danny McGrath is seated on the far left side of the photograph. In the front row, Sanjeev Pandey is standing left of the center, Simon Huang is standing near the center, Omar is standing right of center, and Bomi Mistry is standing on the far right. Doug White is visible in the background on the right side of the photograph, 1984.",Student Life,,,,,,,image,photograph,,,,image,,,,https://dgobjects.blob.core.windows.net/objs/re26/re26_dg_1782248044.tif,https://dgobjects.blob.core.windows.net/smalls/re26/re26_dg_1782248044_SMALL.jpg,https://dgobjects.blob.core.windows.net/thumbs/re26/re26_dg_1782248044_TN.jpg,,,,Tony Margherita,,
re26_dg_1782248045,Travel-Service Scholars for,Travel-Service Scholars for 1961.tif,,,,,Travel-Service Scholars for 1961,,,1961,"Seven students pointing at a map. Jim Lowry is standing at the far left of the group. Nancy Welch is standing third from the left. Chris Marey is standing second from the right, Guy Scanlan is standing at the far right of the group, 1961.",Students ,,,,,,,image,photograph,,,,image,,,,https://dgobjects.blob.core.windows.net/objs/re26/re26_dg_1782248045.tif,https://dgobjects.blob.core.windows.net/smalls/re26/re26_dg_1782248045_SMALL.jpg,https://dgobjects.blob.core.windows.net/thumbs/re26/re26_dg_1782248045_TN.jpg,,,,,,
re26_dg_1782248046,Womens Officers-1961-Photograph,Womens Officers-1961-Photograph_1.tif,,,,,"Women's Officers, 1961, Photograph 1",,,1961,"Eight students posing for a photograph. In the back row. from left to right, are Jane Eagan, Gretchen Osterhaus, Sandy Frieze, and one unidentified student. In the front row, from left to right, are Dorothy Sharrockett, Jill Glysteen, Jeanne Gissness, and Anne Hamilton. April 1961.",Students ,,,,,,,image,photograph,,,,image,,,,https://dgobjects.blob.core.windows.net/objs/re26/re26_dg_1782248046.tif,https://dgobjects.blob.core.windows.net/smalls/re26/re26_dg_1782248046_SMALL.jpg,https://dgobjects.blob.core.windows.net/thumbs/re26/re26_dg_1782248046_TN.jpg,,,,,,
re26_dg_1782248047,Womens Officers-1961-Photograph,Womens Officers-1961-Photograph_2.tif,,,,,"Women's Officers, 1961, Photograph 2",,,1961,"Nine students posing for a photograph. Joan Christianson is standing at the far left of the back row. Nancy Welch is standing second from the left in the back row. Mary Ann Curie is standing in the center of the back row, April 1961.",Students ,,,,,,,image,photograph,,,,image,,,,https://dgobjects.blob.core.windows.net/objs/re26/re26_dg_1782248047.tif,https://dgobjects.blob.core.windows.net/smalls/re26/re26_dg_1782248047_SMALL.jpg,https://dgobjects.blob.core.windows.net/thumbs/re26/re26_dg_1782248047_TN.jpg,,,,,,
re26_dg_1782248048,Wrestling Squad_1961,Wrestling Squad_1961-1962.tif,,,,,"Wrestling Squad, 1961-1962",,,1961-1962,"Nine student wrestlers and their coach, Terry Moore. Wayne Sand is the second student from the right in the back row. Dick Harris is the first student from the right in the front row. 1961-1962.",Students | Athletics | Wrestling ,,,,,,,image,photograph,,,,image,,,,https://dgobjects.blob.core.windows.net/objs/re26/re26_dg_1782248048.tif,https://dgobjects.blob.core.windows.net/smalls/re26/re26_dg_1782248048_SMALL.jpg,https://dgobjects.blob.core.windows.net/thumbs/re26/re26_dg_1782248048_TN.jpg,,,,,,
